"–ø—Ä–æ–¥–∞–∂ 4-–∫ –±—É–¥–∏–Ω–æ–∫ –ë—ñ–ª–æ—Ü–µ—Ä–∫—ñ–≤—Å—å–∫–∏–π, –ë—ñ–ª–∞ –¶–µ—Ä–∫–≤–∞, 80000 $",https://www.bazarok.ua/ru/obyavleniya/prodazh-4-k-budynok-bilotserkivskyi-bila-tserkva-80000-$-709572450.html
"–ø—Ä–æ–¥–∞–∂ 2-–∫ –∫–≤–∞—Ä—Ç–∏—Ä–∞ –ë—É—á–∞–Ω—Å—å–∫–∏–π, –°–≤—è—Ç–æ–ø–µ—Ç—Ä—ñ–≤—Å—å–∫–µ, 42000 $",https://www.bazarok.ua/ru/obyavleniya/prodazh-2-k-kvartyra-buchanskyi-sviatopetrivske-42000-$-709571134.html
"–ø—Ä–æ–¥–∞–∂ 2-–∫ –∫–≤–∞—Ä—Ç–∏—Ä–∞ –ö–∏—ó–≤, –®–µ–≤—á–µ–Ω–∫—ñ–≤—Å—å–∫–∏–π, 174500 $",https://www.bazarok.ua/ru/obyavleniya/prodazh-2-k-kvartyra-kyiv-shevchenkivskyi-174500-$-709571564.html
"–ø—Ä–æ–¥–∞–∂ 3-–∫ –∫–≤–∞—Ä—Ç–∏—Ä–∞ –ö–∏—ó–≤, –ì–æ–ª–æ—Å—ñ—ó–≤—Å—å–∫–∏–π, 187000 $",https://www.bazarok.ua/ru/obyavleniya/prodazh-3-k-kvartyra-kyiv-holosiivskyi-187000-$-709571337.html
–î–û–ë–†–ò–í–ê.–ù–∞–±—ñ—Ä –º—ñ–Ω–µ—Ä–∞–ª—å–Ω–∏—Ö –¥–æ–±—Ä–∏–≤ 5 —à—Ç –ø–æ 250 –≥. —É–¥–æ–±—Ä–µ–Ω–∏—è.,https://www.bazarok.ua/ru/obyavleniya/dobryva-nabir-mineralnykh-dobryv-5-sht-po-250-h-udobrenyia-706790529.html
"–¥–æ–≤–≥–æ—Å—Ç—Ä–æ–∫–æ–≤–∞ –æ—Ä–µ–Ω–¥–∞ –æ—Ñ—ñ—Å–Ω–µ –ø—Ä–∏–º—ñ—â–µ–Ω–Ω—è –ö–∏—ó–≤, –°–æ–ª–æ–º`—è–Ω—Å—å–∫–∏–π, 17944 –≥—Ä–Ω./–º—ñ—Å.",https://www.bazarok.ua/ru/obyavleniya/dovhostrokova-orenda-ofisne-prymishchennia-kyiv-solomianskyi-17944-hrn-mis-11-709572446.html
–®—Ç—É—á–Ω–∏–π —Ä–æ—Ç–∞–Ω–≥ –¥–ª—è –ø–ª–µ—Ç—ñ–Ω–Ω—è —É –±—É—Ö—Ç–∞—Ö - –∏—Å–∫—É—Å—Å—Ç–≤–µ–Ω–Ω—ã–π —Ä–æ—Ç–∞–Ω–≥ –≤ –±—É—Ö—Ç–∞—Ö –¥–ª—è –ø–ª–µ—Ç–µ–Ω–∏—è,https://www.bazarok.ua/ru/obyavleniya/shtuchnyi-rotanh-dlia-pletinnia-u-bukhtakh-yskusstvennyi-rotanh-v-bukhtakh-dlia-pletenyia-709503393.html
–ü—Ä–æ—Ñ–µ—Å—ñ–π–Ω–∏–π –¥–≤–æ–∫–æ–º–ø–æ–Ω–µ–Ω—Ç–Ω–∏–π –ø–æ–ª—ñ—É—Ä–µ—Ç–∞–Ω–æ–≤–∏–π –∫–ª–µ–π –ü–í–• –¥–ª—è –Ω–∞–¥—É–≤–Ω–∏—Ö —á–æ–≤–Ω—ñ–≤ –ü–í–•,https://www.bazarok.ua/ru/obyavleniya/profesiinyi-dvokomponentnyi-poliuretanovyi-klei-pvkh-dlia-naduvnykh-chovniv-pvkh-684310114.html
–ê–∫—Å–µ—Å—É–∞—Ä–∏ –¥–ª—è –Ω–∞–¥—É–≤–Ω–∏—Ö —á–æ–≤–Ω—ñ–≤ –ü–í–• –∫—É–ø–∏—Ç–∏ - –∞–∫—Å–µ—Å—Å—É–∞—Ä—ã –¥–ª—è –Ω–∞–¥—É–≤–Ω—ã—Ö –ª–æ–¥–æ–∫ –ü–í–• - –ê–∫–≤–∞ –ö—Ä—É–∑–µ—Ä,https://www.bazarok.ua/ru/obyavleniya/aksesuary-dlia-naduvnykh-chovniv-pvkh-kupyty-aksessuary-dlia-naduvnykh-lodok-pvkh-akva-kruzer-709503407.html
–û—Ä–µ–Ω–¥–∞ —Å–∞–ª–æ–Ω—É –∫—Ä–∞—Å–∏,https://www.bazarok.ua/ru/obyavleniya/orenda-salonu-krasy-638012723.html
–ê–∫—Å–µ—Å—Å—É–∞—Ä—ã –¥–ª—è –ª–æ–¥–æ–∫ –ü–í–• –∫—É–ø–∏—Ç—å –ö–∏–µ–≤ –∏ –£–∫—Ä–∞–∏–Ω–∞ - –ê–∫–≤–∞ –ö—Ä—É–∑–µ—Ä,https://www.bazarok.ua/ru/obyavleniya/aksessuary-dlia-lodok-pvkh-kupyt-kyev-y-ukrayna-akva-kruzer-632913115.html
"–ø—Ä–æ–¥–∞–∂ –ø—Ä–∏–º—ñ—â–µ–Ω–Ω—è –≤—ñ–ª—å–Ω–æ–≥–æ –ø—Ä–∏–∑–Ω–∞—á–µ–Ω–Ω—è, –±—É–¥—ñ–≤–ª—ñ –ö–∏—ó–≤, –®–µ–≤—á–µ–Ω–∫—ñ–≤—Å—å–∫–∏–π, 223800 $",https://www.bazarok.ua/ru/obyavleniya/prodazh-prymishchennia-vilnoho-pryznachennia-budivli-kyiv-shevchenkivskyi-223800-$-9-709572444.html
"–ø—Ä–æ–¥–∞–∂ 1-–∫ –∫–≤–∞—Ä—Ç–∏—Ä–∞ –ö–∏—ó–≤, –°–æ–ª–æ–º`—è–Ω—Å—å–∫–∏–π, 69999 $",https://www.bazarok.ua/ru/obyavleniya/prodazh-1-k-kvartyra-kyiv-solomianskyi-69999-$-7-709572443.html
"–ø—Ä–æ–¥–∞–∂ 1-–∫ –∫–≤–∞—Ä—Ç–∏—Ä–∞ –ö–∏—ó–≤, –®–µ–≤—á–µ–Ω–∫—ñ–≤—Å—å–∫–∏–π, 139000 $",https://www.bazarok.ua/ru/obyavleniya/prodazh-1-k-kvartyra-kyiv-shevchenkivskyi-139000-$-3-709572442.html
"–ø—Ä–æ–¥–∞–∂ 2-–∫ –∫–≤–∞—Ä—Ç–∏—Ä–∞ –ö–∏—ó–≤, –û–±–æ–ª–æ–Ω—Å—å–∫–∏–π, 94500 $",https://www.bazarok.ua/ru/obyavleniya/prodazh-2-k-kvartyra-kyiv-obolonskyi-94500-$-3-709572441.html
"–ø—Ä–æ–¥–∞–∂ –ø—Ä–∏–º—ñ—â–µ–Ω–Ω—è –≤—ñ–ª—å–Ω–æ–≥–æ –ø—Ä–∏–∑–Ω–∞—á–µ–Ω–Ω—è, –±—É–¥—ñ–≤–ª—ñ –ö–∏—ó–≤, –®–µ–≤—á–µ–Ω–∫—ñ–≤—Å—å–∫–∏–π, 102000 $",https://www.bazarok.ua/ru/obyavleniya/prodazh-prymishchennia-vilnoho-pryznachennia-budivli-kyiv-shevchenkivskyi-102000-$-6-709572440.html
"–ø—Ä–æ–¥–∞–∂ –¥—ñ–ª—è–Ω–∫–∞ —Å—ñ–ª—å—Å—å–∫–æ–≥–æ—Å–ø–æ–¥–∞—Ä—Å—å–∫–æ–≥–æ –ø—Ä–∏–∑–Ω–∞—á–µ–Ω–Ω—è –ö—Ä–æ–ø–∏–≤–Ω–∏—Ü—å–∫–∏–π, –ü–æ–∫—Ä–æ–≤—Å—å–∫–µ, 677000 –≥—Ä–Ω.",https://www.bazarok.ua/ru/obyavleniya/prodazh-dilianka-silskohospodarskoho-pryznachennia-kropyvnytskyi-pokrovske-677000-hrn-709572439.html
"–ø—Ä–æ–¥–∞–∂ 7-–∫ –±—É–¥–∏–Ω–æ–∫ –ë—Ä–æ–≤–∞—Ä—Å—å–∫–∏–π, –ö–Ω—è–∂–∏—á—ñ, 5830000 –≥—Ä–Ω.",https://www.bazarok.ua/ru/obyavleniya/prodazh-7-k-budynok-brovarskyi-kniazhychi-5830000-hrn-709572438.html
"–ø—Ä–æ–¥–∞–∂ –¥—ñ–ª—è–Ω–∫–∞ —Å—ñ–ª—å—Å—å–∫–æ–≥–æ—Å–ø–æ–¥–∞—Ä—Å—å–∫–æ–≥–æ –ø—Ä–∏–∑–Ω–∞—á–µ–Ω–Ω—è –ö—Ä–æ–ø–∏–≤–Ω–∏—Ü—å–∫–∏–π, –°–æ–∫–æ–ª—ñ–≤—Å—å–∫–µ, 250000 –≥—Ä–Ω.",https://www.bazarok.ua/ru/obyavleniya/prodazh-dilianka-silskohospodarskoho-pryznachennia-kropyvnytskyi-sokolivske-250000-hrn-709572437.html
"–ø—Ä–æ–¥–∞–∂ –¥—ñ–ª—è–Ω–∫–∞ —Å—ñ–ª—å—Å—å–∫–æ–≥–æ—Å–ø–æ–¥–∞—Ä—Å—å–∫–æ–≥–æ –ø—Ä–∏–∑–Ω–∞—á–µ–Ω–Ω—è –ë—ñ–ª—è—ó–≤—Å—å–∫–∏–π, –£—Å–∞—Ç–æ–≤–µ, 446000 –≥—Ä–Ω.",https://www.bazarok.ua/ru/obyavleniya/prodazh-dilianka-silskohospodarskoho-pryznachennia-biliaivskyi-usatove-446000-hrn-709572436.html
"–ø—Ä–æ–¥–∞–∂ 1-–∫ –∫–≤–∞—Ä—Ç–∏—Ä–∞ –ö–∏—ó–≤, –ì–æ–ª–æ—Å—ñ—ó–≤—Å—å–∫–∏–π, 75000 $",https://www.bazarok.ua/ru/obyavleniya/prodazh-1-k-kvartyra-kyiv-holosiivskyi-75000-$-709571674.html
"–ø—Ä–æ–¥–∞–∂ 2-–∫ –∫–≤–∞—Ä—Ç–∏—Ä–∞ –ü–æ–ª—Ç–∞–≤–∞, –®–µ–≤—á–µ–Ω–∫—ñ–≤—Å—å–∫–∏–π, 1003000 –≥—Ä–Ω.",https://www.bazarok.ua/ru/obyavleniya/prodazh-2-k-kvartyra-poltava-shevchenkivskyi-1003000-hrn-709572434.html
"–ø—Ä–æ–¥–∞–∂ 3-–∫ –±—É–¥–∏–Ω–æ–∫ –ë—ñ–ª–æ—Ü–µ—Ä–∫—ñ–≤—Å—å–∫–∏–π, –ë—ñ–ª–∞ –¶–µ—Ä–∫–≤–∞, 260000 $",https://www.bazarok.ua/ru/obyavleniya/prodazh-3-k-budynok-bilotserkivskyi-bila-tserkva-260000-$-709572433.html
"–ø—Ä–æ–¥–∞–∂ 7-–∫ –±—É–¥–∏–Ω–æ–∫ –í–∏—à–≥–æ—Ä–æ–¥—Å—å–∫–∏–π, –•–æ—Ç—è–Ω—ñ–≤–∫–∞, 9980000 –≥—Ä–Ω.",https://www.bazarok.ua/ru/obyavleniya/prodazh-7-k-budynok-vyshhorodskyi-khotianivka-9980000-hrn-709572432.html
"–ø—Ä–æ–¥–∞–∂ 3-–∫ –∫–≤–∞—Ä—Ç–∏—Ä–∞ –ë—É—á–∞–Ω—Å—å–∫–∏–π, –Ü—Ä–ø—ñ–Ω—å, 58000 $",https://www.bazarok.ua/ru/obyavleniya/prodazh-3-k-kvartyra-buchanskyi-irpin-58000-$-3-709572431.html
"–ø—Ä–æ–¥–∞–∂ 2-–∫ –∫–≤–∞—Ä—Ç–∏—Ä–∞ –ö–∏—ó–≤, –ü–æ–¥—ñ–ª—å—Å—å–∫–∏–π, 117000 $",https://www.bazarok.ua/ru/obyavleniya/prodazh-2-k-kvartyra-kyiv-podilskyi-117000-$-19-709572430.html
"–¥–æ–≤–≥–æ—Å—Ç—Ä–æ–∫–æ–≤–∞ –æ—Ä–µ–Ω–¥–∞ 2-–∫ —á–∞—Å—Ç–∏–Ω–∞ –±—É–¥–∏–Ω–∫—É –ë—É—á–∞–Ω—Å—å–∫–∏–π, –ë—É—á–∞, 15000 –≥—Ä–Ω./–º—ñ—Å.",https://www.bazarok.ua/ru/obyavleniya/dovhostrokova-orenda-2-k-chastyna-budynku-buchanskyi-bucha-15000-hrn-mis-3-709572429.html
"–ø—Ä–æ–¥–∞–∂ 2-–∫ –∫–≤–∞—Ä—Ç–∏—Ä–∞ –®–ø–æ–ª—è–Ω—Å—å–∫–∏–π, –®–ø–æ–ª–∞, 413200 –≥—Ä–Ω.",https://www.bazarok.ua/ru/obyavleniya/prodazh-2-k-kvartyra-shpolianskyi-shpola-413200-hrn-126-709572428.html
"–ø—Ä–æ–¥–∞–∂ –≥–æ—Ç–æ–≤–∏–π –±—ñ–∑–Ω–µ—Å –ñ–æ–≤—Ç–Ω–µ–≤–∏–π, –ü–æ–ª—ñ–≥–æ–Ω, 12400000 –≥—Ä–Ω.",https://www.bazarok.ua/ru/obyavleniya/prodazh-hotovyi-biznes-zhovtnevyi-polihon-12400000-hrn-23-709572427.html
"–¥–æ–≤–≥–æ—Å—Ç—Ä–æ–∫–æ–≤–∞ –æ—Ä–µ–Ω–¥–∞ 3-–∫ –∫–≤–∞—Ä—Ç–∏—Ä–∞ –ö–∏—ó–≤, –û–±–æ–ª–æ–Ω—Å—å–∫–∏–π, 20500 –≥—Ä–Ω./–º—ñ—Å.",https://www.bazarok.ua/ru/obyavleniya/dovhostrokova-orenda-3-k-kvartyra-kyiv-obolonskyi-20500-hrn-mis-709572426.html
"–ø—Ä–æ–¥–∞–∂ 6-–∫ —á–∞—Å—Ç–∏–Ω–∞ –±—É–¥–∏–Ω–∫—É –ë—Ä–æ–≤–∞—Ä—Å—å–∫–∏–π, –ó–∞–∑–∏–º`—è, 244500 $",https://www.bazarok.ua/ru/obyavleniya/prodazh-6-k-chastyna-budynku-brovarskyi-zazymia-244500-$-709572425.html
"–ü—Ä–æ–¥–∞–∂ –æ–±–ª–∞–¥–Ω–∞–Ω–Ω—è –∫–æ—Ç–µ–ª–µ–Ω, 3129000 –≥—Ä–Ω.",https://www.bazarok.ua/ru/obyavleniya/prodazh-obladnannia-kotelen-3129000-hrn-10-709572424.html
"–ø—Ä–æ–¥–∞–∂ 8-–∫ –±—É–¥–∏–Ω–æ–∫ –û–±—É—Ö—ñ–≤—Å—å–∫–∏–π, –ö–æ–∑–∏–Ω, 20903000 –≥—Ä–Ω.",https://www.bazarok.ua/ru/obyavleniya/prodazh-8-k-budynok-obukhivskyi-kozyn-20903000-hrn-12-709572423.html
"–ø—Ä–æ–¥–∞–∂ –¥—ñ–ª—è–Ω–∫–∞ –∫–æ–º–µ—Ä—Ü—ñ–π–Ω–æ–≥–æ –ø—Ä–∏–∑–Ω–∞—á–µ–Ω–Ω—è –§–∞—Å—Ç—ñ–≤—Å—å–∫–∏–π, –¢–∞—Ä–∞—Å—ñ–≤–∫–∞, 4106000 –≥—Ä–Ω.",https://www.bazarok.ua/ru/obyavleniya/prodazh-dilianka-komertsiinoho-pryznachennia-fastivskyi-tarasivka-4106000-hrn-12-709572422.html
"–ø—Ä–æ–¥–∞–∂ –¥—ñ–ª—è–Ω–∫–∞ —Å—ñ–ª—å—Å—å–∫–æ–≥–æ—Å–ø–æ–¥–∞—Ä—Å—å–∫–æ–≥–æ –ø—Ä–∏–∑–Ω–∞—á–µ–Ω–Ω—è –õ–∏–º–∞–Ω—Å—å–∫–∏–π, –ö—Ä–∞—Å–Ω–æ—Å—ñ–ª–∫–∞, 629000 –≥—Ä–Ω.",https://www.bazarok.ua/ru/obyavleniya/prodazh-dilianka-silskohospodarskoho-pryznachennia-lymanskyi-krasnosilka-629000-hrn-13-709572421.html
"–ø—Ä–æ–¥–∞–∂ –≤–∏—Ä–æ–±–Ω–∏—á—ñ –ø—Ä–∏–º—ñ—â–µ–Ω–Ω—è –î–Ω—ñ–ø—Ä–æ, –ù–æ–≤–æ–∫–æ–¥–∞–∫—Å—å–∫–∏–π, 23300000 –≥—Ä–Ω.",https://www.bazarok.ua/ru/obyavleniya/prodazh-vyrobnychi-prymishchennia-dnipro-novokodakskyi-23300000-hrn-12-709572420.html
"–ø—Ä–æ–¥–∞–∂ –≤–∏—Ä–æ–±–Ω–∏—á—ñ –ø—Ä–∏–º—ñ—â–µ–Ω–Ω—è –î–Ω—ñ–ø—Ä–æ, –ê–º—É—Ä-–ù–∏–∂–Ω—å–æ–¥–Ω—ñ–ø—Ä–æ–≤—Å—å–∫–∏–π, 20480000 –≥—Ä–Ω.",https://www.bazarok.ua/ru/obyavleniya/prodazh-vyrobnychi-prymishchennia-dnipro-amur-nyzhnodniprovskyi-20480000-hrn-12-709572419.html
"–ö–∏–µ–≤. –ë—É–ª. –õ. –£–∫—Ä–∞–∏–Ω–∫–∏ 9, –°–¥–∞–º 4-–∫–æ–º–Ω–∞—Ç–Ω—É—é –∫–≤–∞—Ä—Ç–∏—Ä—É –ø–æ—Å–ª–µ —Ä–µ–º–æ–Ω—Ç–∞. –ê—Ä–µ–Ω–¥–∞ –¥–ª–∏—Ç–µ–ª—å–Ω–æ –∏–ª–∏ –ø–æ—Å—É—Ç–æ—á–Ω–æ ",https://www.bazarok.ua/ru/obyavleniya/kyev-bul-l-ukraynky-9-sdam-4-komnatnuiu-kvartyru-posle-remonta-arenda-dlytelno-yly-posutochno-663149204.html
–ö–∏–µ–≤. –ê—Ä–µ–Ω–¥–∞ –∫–≤–∞—Ä—Ç–∏—Ä—ã –±–µ–∑ –ø–æ—Å—Ä–µ–¥–Ω–∏–∫–æ–≤.–ú–µ—Ç—Ä–æ –õ–µ–≤–æ–±–µ—Ä–µ–∂–Ω–∞—è,https://www.bazarok.ua/ru/obyavleniya/kyev-arenda-kvartyry-bez-posrednykov-metro-levoberezhnaia-606915484.html
"–ø—Ä–æ–¥–∞–∂ –ø—Ä–∏–º—ñ—â–µ–Ω–Ω—è –≤—ñ–ª—å–Ω–æ–≥–æ –ø—Ä–∏–∑–Ω–∞—á–µ–Ω–Ω—è, –±—É–¥—ñ–≤–ª—ñ –ë–æ—Ä–∏—Å–ø—ñ–ª—å—Å—å–∫–∏–π, –í–∏—à–µ–Ω—å–∫–∏, 91000 –≥—Ä–Ω.",https://www.bazarok.ua/ru/obyavleniya/prodazh-prymishchennia-vilnoho-pryznachennia-budivli-boryspilskyi-vyshenky-91000-hrn-2-709572417.html
"–ø—Ä–æ–¥–∞–∂ –¥—ñ–ª—è–Ω–∫–∞ —Å—ñ–ª—å—Å—å–∫–æ–≥–æ—Å–ø–æ–¥–∞—Ä—Å—å–∫–æ–≥–æ –ø—Ä–∏–∑–Ω–∞—á–µ–Ω–Ω—è –ë–æ—Ä–∏—Å–ø—ñ–ª—å—Å—å–∫–∏–π, –©–∞—Å–ª–∏–≤–µ, 499000 –≥—Ä–Ω.",https://www.bazarok.ua/ru/obyavleniya/prodazh-dilianka-silskohospodarskoho-pryznachennia-boryspilskyi-shchaslyve-499000-hrn-2-709572416.html
"–ø—Ä–æ–¥–∞–∂ –¥—ñ–ª—è–Ω–∫–∞ —Å—ñ–ª—å—Å—å–∫–æ–≥–æ—Å–ø–æ–¥–∞—Ä—Å—å–∫–æ–≥–æ –ø—Ä–∏–∑–Ω–∞—á–µ–Ω–Ω—è –ë–æ—Ä–∏—Å–ø—ñ–ª—å—Å—å–∫–∏–π, –©–∞—Å–ª–∏–≤–µ, 612000 –≥—Ä–Ω.",https://www.bazarok.ua/ru/obyavleniya/prodazh-dilianka-silskohospodarskoho-pryznachennia-boryspilskyi-shchaslyve-612000-hrn-2-709572415.html
"–ø—Ä–æ–¥–∞–∂ –ø—Ä–∏–º—ñ—â–µ–Ω–Ω—è –≤—ñ–ª—å–Ω–æ–≥–æ –ø—Ä–∏–∑–Ω–∞—á–µ–Ω–Ω—è, –±—É–¥—ñ–≤–ª—ñ –õ–æ–∑–æ–≤—Å—å–∫–∏–π, –õ–æ–∑–æ–≤–∞, 1314000 –≥—Ä–Ω.",https://www.bazarok.ua/ru/obyavleniya/prodazh-prymishchennia-vilnoho-pryznachennia-budivli-lozovskyi-lozova-1314000-hrn-14-709572414.html
"–ø—Ä–æ–¥–∞–∂ –æ—Ñ—ñ—Å–Ω–µ –ø—Ä–∏–º—ñ—â–µ–Ω–Ω—è –ù—ñ–∫–æ–ø–æ–ª—å—Å—å–∫–∏–π, –ù—ñ–∫–æ–ø–æ–ª—å, 250000 –≥—Ä–Ω.",https://www.bazarok.ua/ru/obyavleniya/prodazh-ofisne-prymishchennia-nikopolskyi-nikopol-250000-hrn-12-709572413.html
"–ø—Ä–æ–¥–∞–∂ –ø—Ä–∏–º—ñ—â–µ–Ω–Ω—è –≤—ñ–ª—å–Ω–æ–≥–æ –ø—Ä–∏–∑–Ω–∞—á–µ–Ω–Ω—è, –±—É–¥—ñ–≤–ª—ñ –ß–µ—Ä–∫–∞—Å–∏, –Ü—Ä–¥–∏–Ω—å, 2432000 –≥—Ä–Ω.",https://www.bazarok.ua/ru/obyavleniya/prodazh-prymishchennia-vilnoho-pryznachennia-budivli-cherkasy-irdyn-2432000-hrn-12-709572412.html
"–ø—Ä–æ–¥–∞–∂ 10-–∫ –±—É–¥–∏–Ω–æ–∫ –°—É–º–∏, –ö–æ—Å—ñ–≤—â–∏–Ω–∞, 1522000 –≥—Ä–Ω.",https://www.bazarok.ua/ru/obyavleniya/prodazh-10-k-budynok-sumy-kosivshchyna-1522000-hrn-12-709572411.html
"–ø—Ä–æ–¥–∞–∂ –æ—Ñ—ñ—Å–Ω–µ –ø—Ä–∏–º—ñ—â–µ–Ω–Ω—è –•–∞—Ä–∫—ñ–≤, –®–µ–≤—á–µ–Ω–∫—ñ–≤—Å—å–∫–∏–π, 33066000 –≥—Ä–Ω.",https://www.bazarok.ua/ru/obyavleniya/prodazh-ofisne-prymishchennia-kharkiv-shevchenkivskyi-33066000-hrn-12-709572410.html
"–ø—Ä–æ–¥–∞–∂ –¥—ñ–ª—è–Ω–∫–∞ —Å—ñ–ª—å—Å—å–∫–æ–≥–æ—Å–ø–æ–¥–∞—Ä—Å—å–∫–æ–≥–æ –ø—Ä–∏–∑–Ω–∞—á–µ–Ω–Ω—è –£–∂–≥–æ—Ä–æ–¥, –ê–Ω—Ç–∞–ª–æ–≤—Ü—ñ, 40000 –≥—Ä–Ω.",https://www.bazarok.ua/ru/obyavleniya/prodazh-dilianka-silskohospodarskoho-pryznachennia-uzhhorod-antalovtsi-40000-hrn-5-709572409.html
"–ø—Ä–æ–¥–∞–∂ –¥—ñ–ª—è–Ω–∫–∞ —Å—ñ–ª—å—Å—å–∫–æ–≥–æ—Å–ø–æ–¥–∞—Ä—Å—å–∫–æ–≥–æ –ø—Ä–∏–∑–Ω–∞—á–µ–Ω–Ω—è –£–∂–≥–æ—Ä–æ–¥, –ê–Ω—Ç–∞–ª–æ–≤—Ü—ñ, 27000 –≥—Ä–Ω.",https://www.bazarok.ua/ru/obyavleniya/prodazh-dilianka-silskohospodarskoho-pryznachennia-uzhhorod-antalovtsi-27000-hrn-5-709572408.html
"–ø—Ä–æ–¥–∞–∂ –¥—ñ–ª—è–Ω–∫–∞ —Å—ñ–ª—å—Å—å–∫–æ–≥–æ—Å–ø–æ–¥–∞—Ä—Å—å–∫–æ–≥–æ –ø—Ä–∏–∑–Ω–∞—á–µ–Ω–Ω—è –£–∂–≥–æ—Ä–æ–¥, –ê–Ω—Ç–∞–ª–æ–≤—Ü—ñ, 52000 –≥—Ä–Ω.",https://www.bazarok.ua/ru/obyavleniya/prodazh-dilianka-silskohospodarskoho-pryznachennia-uzhhorod-antalovtsi-52000-hrn-5-709572407.html
"–ø—Ä–æ–¥–∞–∂ –¥—ñ–ª—è–Ω–∫–∞ –ø—ñ–¥ –∂–∏—Ç–ª–æ–≤—É –∑–∞–±—É–¥–æ–≤—É –°—Ç–∞—Ä–æ–∫–æ—Å—Ç—è–Ω—Ç–∏–Ω—ñ–≤—Å—å–∫–∏–π, –°—Ç–∞—Ä–æ–∫–æ—Å—Ç—è–Ω—Ç–∏–Ω—ñ–≤, 99000 –≥—Ä–Ω.",https://www.bazarok.ua/ru/obyavleniya/prodazh-dilianka-pid-zhytlovu-zabudovu-starokostiantynivskyi-starokostiantyniv-99000-hrn-21-709572406.html
"–ø—Ä–æ–¥–∞–∂ 6-–∫ –±—É–¥–∏–Ω–æ–∫ –û–±—É—Ö—ñ–≤—Å—å–∫–∏–π, –•–æ—Ç—ñ–≤, 90000 $",https://www.bazarok.ua/ru/obyavleniya/prodazh-6-k-budynok-obukhivskyi-khotiv-90000-$-709570890.html
–£—Å—Ç–∞–Ω–æ–≤–∫–∞ –º–µ—Ç–∞–ª–æ –ø–ª–∞—Å—Ç. –æ–∫–æ–Ω. –ó–∞–º–µ—Ä. –†–µ–≥—É–ª–∏—Ä–æ–≤–∫–∞.  –î–µ–º–æ–Ω—Ç–∞–∂. –ó–∞–∫–∞–∑.,https://www.bazarok.ua/ru/obyavleniya/ustanovka-metalo-plast-okon-zamer-rehulyrovka-demontazh-zakaz-697794430.html
 –î–æ—Å—Ç–∞–≤–∫–∞ –≥—Ä—É–∑–∞. –î—Ä—É–≥–∏–µ –ø–µ—Ä–µ–≤–æ–∑–∫–∏.  –î–Ω–µ–ø—Ä.,https://www.bazarok.ua/ru/obyavleniya/dostavka-hruza-druhye-perevozky-dnepr-709486418.html
 –ú–æ–Ω–µ—Ç–∞ –≥–æ–¥ –ª–æ—à–∞–¥–∏. –ú–∞—Ç–µ—Ä–∏–Ω—Å—Ç–≤–æ. –°–µ—Ä–µ–±—Ä–æ 925  –Ω–∞ –ø–æ–¥–∞—Ä–æ–∫. ,https://www.bazarok.ua/ru/obyavleniya/moneta-hod-loshady-materynstvo-serebro-925-na-podarok-699596675.html
–ñ–µ–Ω—Å–∫–∏–µ –±–æ—Å–æ–Ω–æ–∂–∫–∏ —Ç—É—Ñ–ª–∏. –ú—É–∂. —Ç—É—Ñ–ª–∏.,https://www.bazarok.ua/ru/obyavleniya/zhenskye-bosonozhky-tufly-muzh-tufly-709558947.html
–ü—Ä–æ–¥–∞–º –∫–∞—Ñ–µ–ª—å –≥–æ–ª—É–±–æ–π –∏ –±–µ–ª—ã–π.,https://www.bazarok.ua/ru/obyavleniya/prodam-kafel-holuboi-y-belyi-709559417.html
"–¥–æ–≤–≥–æ—Å—Ç—Ä–æ–∫–æ–≤–∞ –æ—Ä–µ–Ω–¥–∞ 3-–∫ –∫–≤–∞—Ä—Ç–∏—Ä–∞ –ö–∏—ó–≤, –°–≤—è—Ç–æ—à–∏–Ω—Å—å–∫–∏–π, 15000 –≥—Ä–Ω./–º—ñ—Å.",https://www.bazarok.ua/ru/obyavleniya/dovhostrokova-orenda-3-k-kvartyra-kyiv-sviatoshynskyi-15000-hrn-mis-11-709572525.html
"–ø—Ä–æ–¥–∞–∂ 4-–∫ –∫–≤–∞—Ä—Ç–∏—Ä–∞ –ö–∏—ó–≤, –®–µ–≤—á–µ–Ω–∫—ñ–≤—Å—å–∫–∏–π, 260000 $",https://www.bazarok.ua/ru/obyavleniya/prodazh-4-k-kvartyra-kyiv-shevchenkivskyi-260000-$-709572524.html
"–¥–æ–≤–≥–æ—Å—Ç—Ä–æ–∫–æ–≤–∞ –æ—Ä–µ–Ω–¥–∞ 2-–∫ –∫–≤–∞—Ä—Ç–∏—Ä–∞ –ë—É—á–∞–Ω—Å—å–∫–∏–π, –°–æ—Ñ—ñ—ó–≤—Å—å–∫–∞ –ë–æ—Ä—â–∞–≥—ñ–≤–∫–∞, 18000 –≥—Ä–Ω./–º—ñ—Å.",https://www.bazarok.ua/ru/obyavleniya/dovhostrokova-orenda-2-k-kvartyra-buchanskyi-sofiivska-borshchahivka-18000-hrn-mis-3-709572523.html
"–¥–æ–≤–≥–æ—Å—Ç—Ä–æ–∫–æ–≤–∞ –æ—Ä–µ–Ω–¥–∞ –æ—Ñ—ñ—Å–Ω–µ –ø—Ä–∏–º—ñ—â–µ–Ω–Ω—è –ö–∏—ó–≤, –®–µ–≤—á–µ–Ω–∫—ñ–≤—Å—å–∫–∏–π, 68280 –≥—Ä–Ω./–º—ñ—Å.",https://www.bazarok.ua/ru/obyavleniya/dovhostrokova-orenda-ofisne-prymishchennia-kyiv-shevchenkivskyi-68280-hrn-mis-709572522.html
"–¥–æ–≤–≥–æ—Å—Ç—Ä–æ–∫–æ–≤–∞ –æ—Ä–µ–Ω–¥–∞ 2-–∫ –∫–≤–∞—Ä—Ç–∏—Ä–∞ –ö–∏—ó–≤, –°–≤—è—Ç–æ—à–∏–Ω—Å—å–∫–∏–π, 10500 –≥—Ä–Ω./–º—ñ—Å.",https://www.bazarok.ua/ru/obyavleniya/dovhostrokova-orenda-2-k-kvartyra-kyiv-sviatoshynskyi-10500-hrn-mis-709571700.html
"–¥–æ–≤–≥–æ—Å—Ç—Ä–æ–∫–æ–≤–∞ –æ—Ä–µ–Ω–¥–∞ 2-–∫ –∫–≤–∞—Ä—Ç–∏—Ä–∞ –ö–∏—ó–≤, –î–µ—Å–Ω—è–Ω—Å—å–∫–∏–π, 15000 –≥—Ä–Ω./–º—ñ—Å.",https://www.bazarok.ua/ru/obyavleniya/dovhostrokova-orenda-2-k-kvartyra-kyiv-desnianskyi-15000-hrn-mis-709572520.html
"–ø—Ä–æ–¥–∞–∂ 5-–∫ –±—É–¥–∏–Ω–æ–∫ –ö–∏—ó–≤, –°–≤—è—Ç–æ—à–∏–Ω—Å—å–∫–∏–π, 190000 $",https://www.bazarok.ua/ru/obyavleniya/prodazh-5-k-budynok-kyiv-sviatoshynskyi-190000-$-709570888.html
"–¥–æ–≤–≥–æ—Å—Ç—Ä–æ–∫–æ–≤–∞ –æ—Ä–µ–Ω–¥–∞ 3-–∫ –∫–≤–∞—Ä—Ç–∏—Ä–∞ –ö–∏—ó–≤, –ü–µ—á–µ—Ä—Å—å–∫–∏–π, 1800 $/–º—ñ—Å.",https://www.bazarok.ua/ru/obyavleniya/dovhostrokova-orenda-3-k-kvartyra-kyiv-pecherskyi-1800-$-mis-709571061.html
"–ø—Ä–æ–¥–∞–∂ —Å–∫–ª–∞–¥–∏ –ö–∏—ó–≤, –°–æ–ª–æ–º`—è–Ω—Å—å–∫–∏–π, 2800000 $",https://www.bazarok.ua/ru/obyavleniya/prodazh-sklady-kyiv-solomianskyi-2800000-$-3-709572519.html
"–ø—Ä–æ–¥–∞–∂ 1-–∫ –∫–≤–∞—Ä—Ç–∏—Ä–∞ –ö–∏—ó–≤, –î–∞—Ä–Ω–∏—Ü—å–∫–∏–π, 52000 $",https://www.bazarok.ua/ru/obyavleniya/prodazh-1-k-kvartyra-kyiv-darnytskyi-52000-$-709570887.html
"–ø—Ä–æ–¥–∞–∂ 3-–∫ –∫–≤–∞—Ä—Ç–∏—Ä–∞ –ö–∏—ó–≤, –û–±–æ–ª–æ–Ω—Å—å–∫–∏–π, 162000 $",https://www.bazarok.ua/ru/obyavleniya/prodazh-3-k-kvartyra-kyiv-obolonskyi-162000-$-6-709572517.html
"–ø—Ä–æ–¥–∞–∂ 8-–∫ –±—É–¥–∏–Ω–æ–∫ –ö–∏—ó–≤, –î–∞—Ä–Ω–∏—Ü—å–∫–∏–π, 290000 $",https://www.bazarok.ua/ru/obyavleniya/prodazh-8-k-budynok-kyiv-darnytskyi-290000-$-709572200.html
"–ø—Ä–æ–¥–∞–∂ 3-–∫ –∫–≤–∞—Ä—Ç–∏—Ä–∞ –ö–∏—ó–≤, –ü–æ–¥—ñ–ª—å—Å—å–∫–∏–π, 71000 $",https://www.bazarok.ua/ru/obyavleniya/prodazh-3-k-kvartyra-kyiv-podilskyi-71000-$-3-709572515.html
"–ø—Ä–æ–¥–∞–∂ 4-–∫ –±—É–¥–∏–Ω–æ–∫ –ë–æ—Ä–∏—Å–ø—ñ–ª—å—Å—å–∫–∏–π, –í–∏—à–µ–Ω—å–∫–∏, 555000 $",https://www.bazarok.ua/ru/obyavleniya/prodazh-4-k-budynok-boryspilskyi-vyshenky-555000-$-18-709572514.html
"–ø—Ä–æ–¥–∞–∂ 2-–∫ –∫–≤–∞—Ä—Ç–∏—Ä–∞ –ö–∏—ó–≤, –ü–µ—á–µ—Ä—Å—å–∫–∏–π, 175000 $",https://www.bazarok.ua/ru/obyavleniya/prodazh-2-k-kvartyra-kyiv-pecherskyi-175000-$-7-709572513.html
"–ø—Ä–æ–¥–∞–∂ 1-–∫ –∫–≤–∞—Ä—Ç–∏—Ä–∞ –ö–∏—ó–≤, –î–µ—Å–Ω—è–Ω—Å—å–∫–∏–π, 60000 $",https://www.bazarok.ua/ru/obyavleniya/prodazh-1-k-kvartyra-kyiv-desnianskyi-60000-$-9-709572512.html
–ü—Ä–æ–¥–∞–º –∑–µ–º–µ–ª—å–Ω—É –¥—ñ–ª—è–Ω–∫—É,https://www.bazarok.ua/ru/obyavleniya/prodam-zemelnu-dilianku-2-709572511.html
"–ø—Ä–æ–¥–∞–∂ 5-–∫ –±—É–¥–∏–Ω–æ–∫ –û–±—É—Ö—ñ–≤—Å—å–∫–∏–π, –Ü–≤–∞–Ω–∫–æ–≤–∏—á—ñ, 470000 $",https://www.bazarok.ua/ru/obyavleniya/prodazh-5-k-budynok-obukhivskyi-ivankovychi-470000-$-2-709572510.html
"–ø—Ä–æ–¥–∞–∂ 2-–∫ –∫–≤–∞—Ä—Ç–∏—Ä–∞ –ö–∏—ó–≤, –ü–µ—á–µ—Ä—Å—å–∫–∏–π, 195000 $",https://www.bazarok.ua/ru/obyavleniya/prodazh-2-k-kvartyra-kyiv-pecherskyi-195000-$-20-709572509.html
"–¥–æ–≤–≥–æ—Å—Ç—Ä–æ–∫–æ–≤–∞ –æ—Ä–µ–Ω–¥–∞ –æ—Ñ—ñ—Å–Ω–µ –ø—Ä–∏–º—ñ—â–µ–Ω–Ω—è –ö–∏—ó–≤, –î–Ω—ñ–ø—Ä–æ–≤—Å—å–∫–∏–π, 15000 –≥—Ä–Ω./–º—ñ—Å.",https://www.bazarok.ua/ru/obyavleniya/dovhostrokova-orenda-ofisne-prymishchennia-kyiv-dniprovskyi-15000-hrn-mis-13-709572508.html
"–¥–æ–≤–≥–æ—Å—Ç—Ä–æ–∫–æ–≤–∞ –æ—Ä–µ–Ω–¥–∞ 2-–∫ –∫–≤–∞—Ä—Ç–∏—Ä–∞ –ö–∏—ó–≤, –î–Ω—ñ–ø—Ä–æ–≤—Å—å–∫–∏–π, 15000 –≥—Ä–Ω./–º—ñ—Å.",https://www.bazarok.ua/ru/obyavleniya/dovhostrokova-orenda-2-k-kvartyra-kyiv-dniprovskyi-15000-hrn-mis-9-709572507.html
"–ø—Ä–æ–¥–∞–∂ 3-–∫ –∫–≤–∞—Ä—Ç–∏—Ä–∞ –ö–∏—ó–≤, –î–Ω—ñ–ø—Ä–æ–≤—Å—å–∫–∏–π, 125000 $",https://www.bazarok.ua/ru/obyavleniya/prodazh-3-k-kvartyra-kyiv-dniprovskyi-125000-$-6-709572506.html
"–ø—Ä–æ–¥–∞–∂ 3-–∫ –∫–≤–∞—Ä—Ç–∏—Ä–∞ –ö–∏—ó–≤, –î–µ—Å–Ω—è–Ω—Å—å–∫–∏–π, 56000 $",https://www.bazarok.ua/ru/obyavleniya/prodazh-3-k-kvartyra-kyiv-desnianskyi-56000-$-10-709572505.html
"–ø—Ä–æ–¥–∞–∂ 2-–∫ –∫–≤–∞—Ä—Ç–∏—Ä–∞ –§–∞—Å—Ç—ñ–≤—Å—å–∫–∏–π, –¢–∞—Ä–∞—Å—ñ–≤–∫–∞, 37900 $",https://www.bazarok.ua/ru/obyavleniya/prodazh-2-k-kvartyra-fastivskyi-tarasivka-37900-$-709572504.html
"–ø—Ä–æ–¥–∞–∂ 3-–∫ –∫–≤–∞—Ä—Ç–∏—Ä–∞ –ö–∏—ó–≤, –°–≤—è—Ç–æ—à–∏–Ω—Å—å–∫–∏–π, 55000 $",https://www.bazarok.ua/ru/obyavleniya/prodazh-3-k-kvartyra-kyiv-sviatoshynskyi-55000-$-9-709572503.html
"–ø—Ä–æ–¥–∞–∂ 2-–∫ –∫–≤–∞—Ä—Ç–∏—Ä–∞ –ö–∏—ó–≤, –®–µ–≤—á–µ–Ω–∫—ñ–≤—Å—å–∫–∏–π, 119999 $",https://www.bazarok.ua/ru/obyavleniya/prodazh-2-k-kvartyra-kyiv-shevchenkivskyi-119999-$-709572502.html
"–ø—Ä–æ–¥–∞–∂ 3-–∫ –∫–≤–∞—Ä—Ç–∏—Ä–∞ –ö–∏—ó–≤, –î–Ω—ñ–ø—Ä–æ–≤—Å—å–∫–∏–π, 96000 $",https://www.bazarok.ua/ru/obyavleniya/prodazh-3-k-kvartyra-kyiv-dniprovskyi-96000-$-9-709572501.html
"–ü–æ–¥—ñ–ª, 1294–º2 open space",https://www.bazarok.ua/ru/obyavleniya/podil-1294m2-open-space-4-709572500.html
"–ü–æ–¥–æ–ª. –ò—Å—Ç–æ—Ä–∏—á–µ—Å–∫–∏–π –æ—Å–æ–±–Ω—è–∫. –ì–µ–Ω–µ—Ä–∞—Ç–æ—Ä, –±–æ–º–±–æ—É–±–µ–∂–∏—â–µ",https://www.bazarok.ua/ru/obyavleniya/podol-ystorycheskyi-osobniak-henerator-bomboubezhyshche-22-709572499.html
"–†–µ–º–æ–Ω—Ç –ê–ö–ü–ü Audi # 0AW300048F , 0AW300046S, 0AW300047A, 0AW300046P, 0AW325031AK, 0AW301212A , 0AW323911AQ",https://www.bazarok.ua/ru/obyavleniya/remont-akpp-audi-0aw300048f-0aw300046s-0aw300047a-0aw300046p-0aw325031ak-0aw301212a-0aw323911aq-709541275.html
"–ø—Ä–æ–¥–∞–∂ –¥—ñ–ª—è–Ω–∫–∞ –∫–æ–º–µ—Ä—Ü—ñ–π–Ω–æ–≥–æ –ø—Ä–∏–∑–Ω–∞—á–µ–Ω–Ω—è –ó–æ–ª–æ—Ç–æ–Ω—ñ—Å—å–∫–∏–π, –ó–æ–ª–æ—Ç–æ–Ω–æ—à–∞, 2306430 –≥—Ä–Ω.",https://www.bazarok.ua/ru/obyavleniya/prodazh-dilianka-komertsiinoho-pryznachennia-zolotoniskyi-zolotonosha-2306430-hrn-50-709572498.html
"–ø—Ä–æ–¥–∞–∂ –¥—ñ–ª—è–Ω–∫–∞ —Å—ñ–ª—å—Å—å–∫–æ–≥–æ—Å–ø–æ–¥–∞—Ä—Å—å–∫–æ–≥–æ –ø—Ä–∏–∑–Ω–∞—á–µ–Ω–Ω—è –ë–æ—Ä–∏—Å–ø—ñ–ª—å—Å—å–∫–∏–π, –Ü–≤–∞–Ω–∫—ñ–≤, 424252 –≥—Ä–Ω.",https://www.bazarok.ua/ru/obyavleniya/prodazh-dilianka-silskohospodarskoho-pryznachennia-boryspilskyi-ivankiv-424252-hrn-54-709572497.html
"–¥–æ–≤–≥–æ—Å—Ç—Ä–æ–∫–æ–≤–∞ –æ—Ä–µ–Ω–¥–∞ 3-–∫ –∫–≤–∞—Ä—Ç–∏—Ä–∞ –ö–∏—ó–≤, –°–≤—è—Ç–æ—à–∏–Ω—Å—å–∫–∏–π, 18000 –≥—Ä–Ω./–º—ñ—Å.",https://www.bazarok.ua/ru/obyavleniya/dovhostrokova-orenda-3-k-kvartyra-kyiv-sviatoshynskyi-18000-hrn-mis-14-709572496.html
"–¥–æ–≤–≥–æ—Å—Ç—Ä–æ–∫–æ–≤–∞ –æ—Ä–µ–Ω–¥–∞ 1-–∫ –∫–≤–∞—Ä—Ç–∏—Ä–∞ –ö–∏—ó–≤, –°–≤—è—Ç–æ—à–∏–Ω—Å—å–∫–∏–π, 18000 –≥—Ä–Ω./–º—ñ—Å.",https://www.bazarok.ua/ru/obyavleniya/dovhostrokova-orenda-1-k-kvartyra-kyiv-sviatoshynskyi-18000-hrn-mis-21-709572495.html
–ø—Ä–æ–¥–∞–º –∫–æ–º–ø–ª–µ–∫—Ç–∞—Ü—ñ—é –¥–ª—è  –º—ñ–Ω—ñ–±—É—Ä–æ–≤–æ—ó —É—Å—Ç–∞–Ω–æ–≤–∫–∏,https://www.bazarok.ua/ru/obyavleniya/prodam-komplektatsiiu-dlia-miniburovoi-ustanovky-709572494.html
–ö–æ—Å—Ç—é–º –ë—ñ–ª–æ—á–∫–∏ –Ω–∞ —Å–≤—è—Ç–æ üêøÔ∏è,https://www.bazarok.ua/ru/obyavleniya/kostium-bilochky-na-sviato-709572491.html
–Ü–∫–æ–Ω–∞ –≤–∏—à–∏—Ç–∞ –±—ñ—Å–µ—Ä–æ–º —Ä—É—á–Ω–æ—ó —Ä–æ–±–æ—Ç–∏ —Å–≤. –±–ª–∞–∂–µ–Ω–Ω–∞ –ú–∞—Ç—Ä–æ–Ω–∞ Handmade,https://www.bazarok.ua/ru/obyavleniya/ikona-vyshyta-biserom-ruchnoi-roboty-sv-blazhenna-matrona-handmade-709540563.html
–ö–æ–∂–∞–Ω–∞—è —Å—Ç—Ä—É–∫—Ç—É—Ä–∏—Ä–æ–≤–∞–Ω–Ω–∞—è —Å—É–º–∫–∞ —Å—Ä–µ–¥–Ω–µ–≥–æ —Ä–∞–∑–º–µ—Ä–∞,https://www.bazarok.ua/ru/obyavleniya/kozhanaia-strukturyrovannaia-sumka-sredneho-razmera-709498023.html
–ö—Ä–∞—Å–Ω–æ–µ –≤–µ—á–µ—Ä–Ω–µ–µ –≤—ã–ø—É—Å–∫–Ω–æ–µ –ø–ª–∞—Ç—å–µ —Å –∑–æ–ª–æ—Ç–∏—Å—Ç–æ–π –Ω–∞–∫–∏–¥–∫–æ–π,https://www.bazarok.ua/ru/obyavleniya/krasnoe-vechernee-vypusknoe-plate-s-zolotystoi-nakydkoi-707428296.html
–†—É–±–∞—à–∫–∞ –≥–æ—Ä—á–∏—á–Ω–æ–≥–æ —Ü–≤–µ—Ç–∞ Paul Smith,https://www.bazarok.ua/ru/obyavleniya/rubashka-horchychnoho-tsveta-paul-smith-661091911.html
–°–∏–Ω—ñ –ø–µ—Ä–ª–∞–º—É—Ç—Ä–æ–≤—ñ –±–ª–∏—Å–∫—É—á—ñ –±–∞–ª–µ—Ç–∫–∏ —Ç—É—Ñ–ª—ñ —á–æ–≤–Ω–∏–∫–∏ Gino Rossi,https://www.bazarok.ua/ru/obyavleniya/syni-perlamutrovi-blyskuchi-baletky-tufli-chovnyky-gino-rossi-709537243.html
–°–∏–Ω–∏–π –º—É–∂—Å–∫–æ–π –∫–æ—Å—Ç—é–º —Ç—Ä–æ–π–∫–∞,https://www.bazarok.ua/ru/obyavleniya/synyi-muzhskoi-kostium-troika-709560615.html
–°–∏–Ω—ñ–π —á–æ–ª–æ–≤—ñ—á–∏–π –∫–æ—Å—Ç—é–º-–¥–≤—ñ–π–∫–∞ Giordano Conti,https://www.bazarok.ua/ru/obyavleniya/synii-cholovichyi-kostium-dviika-giordano-conti-699418960.html
"–ø—Ä–æ–¥–∞–∂ 2-–∫ –∫–≤–∞—Ä—Ç–∏—Ä–∞ –ö–∏—ó–≤, –î–∞—Ä–Ω–∏—Ü—å–∫–∏–π, 59900 $",https://www.bazarok.ua/ru/obyavleniya/prodazh-2-k-kvartyra-kyiv-darnytskyi-59900-$-10-709572544.html
"–ø—Ä–æ–¥–∞–∂ –æ—Ñ—ñ—Å–Ω–µ –ø—Ä–∏–º—ñ—â–µ–Ω–Ω—è –ö–∏—ó–≤, –î–∞—Ä–Ω–∏—Ü—å–∫–∏–π, 119900 $",https://www.bazarok.ua/ru/obyavleniya/prodazh-ofisne-prymishchennia-kyiv-darnytskyi-119900-$-11-709572543.html
"–ø—Ä–æ–¥–∞–∂ 3-–∫ –∫–≤–∞—Ä—Ç–∏—Ä–∞ –õ—å–≤—ñ–≤, –§—Ä–∞–Ω–∫—ñ–≤—Å—å–∫–∏–π, 260000 $",https://www.bazarok.ua/ru/obyavleniya/prodazh-3-k-kvartyra-lviv-frankivskyi-260000-$-3-709572542.html
"–ø—Ä–æ–¥–∞–∂ 3-–∫ –∫–≤–∞—Ä—Ç–∏—Ä–∞ –î–Ω—ñ–ø—Ä–æ, –ß–µ—á–µ–ª–æ–≤—Å—å–∫–∏–π, 19500 $",https://www.bazarok.ua/ru/obyavleniya/prodazh-3-k-kvartyra-dnipro-chechelovskyi-19500-$-709572541.html
"–ø—Ä–æ–¥–∞–∂ 2-–∫ —Ç–∞—É–Ω—Ö–∞—É—Å –§–∞—Å—Ç—ñ–≤—Å—å–∫–∏–π, –ë–æ—è—Ä–∫–∞, 70000 $",https://www.bazarok.ua/ru/obyavleniya/prodazh-2-k-taunkhaus-fastivskyi-boiarka-70000-$-3-709572540.html
"–¥–æ–≤–≥–æ—Å—Ç—Ä–æ–∫–æ–≤–∞ –æ—Ä–µ–Ω–¥–∞ 3-–∫ –∫–≤–∞—Ä—Ç–∏—Ä–∞ –ë—ñ–ª–æ—Ü–µ—Ä–∫—ñ–≤—Å—å–∫–∏–π, –ë—ñ–ª–∞ –¶–µ—Ä–∫–≤–∞, 10000 –≥—Ä–Ω./–º—ñ—Å.",https://www.bazarok.ua/ru/obyavleniya/dovhostrokova-orenda-3-k-kvartyra-bilotserkivskyi-bila-tserkva-10000-hrn-mis-3-709572539.html
"–ø—Ä–æ–¥–∞–∂ 1-–∫ –∫–≤–∞—Ä—Ç–∏—Ä–∞ –ö–∏—ó–≤, –®–µ–≤—á–µ–Ω–∫—ñ–≤—Å—å–∫–∏–π, 99900 $",https://www.bazarok.ua/ru/obyavleniya/prodazh-1-k-kvartyra-kyiv-shevchenkivskyi-99900-$-709572470.html
–ß–µ—Ä–µ–≤–∏–∫–∏ –ø—Ä–æ–¥–∞—é —Ç–µ–ø–ª—ñ,https://www.bazarok.ua/ru/obyavleniya/cherevyky-prodaiu-tepli-709572537.html
"–ø—Ä–æ–¥–∞–∂ 3-–∫ –∫–≤–∞—Ä—Ç–∏—Ä–∞ –ö–∏—ó–≤, –ü–æ–¥—ñ–ª—å—Å—å–∫–∏–π, 110000 $",https://www.bazarok.ua/ru/obyavleniya/prodazh-3-k-kvartyra-kyiv-podilskyi-110000-$-8-709572536.html
"–ø—Ä–æ–¥–∞–∂ 3-–∫ –∫–≤–∞—Ä—Ç–∏—Ä–∞ –ö–∏—ó–≤, –ü–µ—á–µ—Ä—Å—å–∫–∏–π, 280000 $",https://www.bazarok.ua/ru/obyavleniya/prodazh-3-k-kvartyra-kyiv-pecherskyi-280000-$-10-709572535.html
"–ø—Ä–æ–¥–∞–∂ 1-–∫ –∫–≤–∞—Ä—Ç–∏—Ä–∞ –§–∞—Å—Ç—ñ–≤—Å—å–∫–∏–π, –ß–∞–±–∞–Ω–∏, 48000 $",https://www.bazarok.ua/ru/obyavleniya/prodazh-1-k-kvartyra-fastivskyi-chabany-48000-$-4-709572534.html
"–ø—Ä–æ–¥–∞–∂ 1-–∫ –∫–≤–∞—Ä—Ç–∏—Ä–∞ –ë—É—á–∞–Ω—Å—å–∫–∏–π, –ö—Ä—é–∫—ñ–≤—â–∏–Ω–∞, 29000 $",https://www.bazarok.ua/ru/obyavleniya/prodazh-1-k-kvartyra-buchanskyi-kriukivshchyna-29000-$-709572533.html
"–ø—Ä–æ–¥–∞–∂ –¥—ñ–ª—è–Ω–∫–∞ –∫–æ–º–µ—Ä—Ü—ñ–π–Ω–æ–≥–æ –ø—Ä–∏–∑–Ω–∞—á–µ–Ω–Ω—è –ö–∏—ó–≤, –ü–æ–¥—ñ–ª—å—Å—å–∫–∏–π, 3400000 $",https://www.bazarok.ua/ru/obyavleniya/prodazh-dilianka-komertsiinoho-pryznachennia-kyiv-podilskyi-3400000-$-4-709572532.html
"–ø—Ä–æ–¥–∞–∂ 3-–∫ –∫–≤–∞—Ä—Ç–∏—Ä–∞ –ö–∏—ó–≤, –û–±–æ–ª–æ–Ω—Å—å–∫–∏–π, 65000 $",https://www.bazarok.ua/ru/obyavleniya/prodazh-3-k-kvartyra-kyiv-obolonskyi-65000-$-15-709572531.html
"–ø—Ä–æ–¥–∞–∂ 1-–∫ –∫–≤–∞—Ä—Ç–∏—Ä–∞ –î–Ω—ñ–ø—Ä–æ, –¶–µ–Ω—Ç—Ä–∞–ª—å–Ω–∏–π, 17999 $",https://www.bazarok.ua/ru/obyavleniya/prodazh-1-k-kvartyra-dnipro-tsentralnyi-17999-$-2-709572530.html
–ë—Ä–∏–≥–∞–¥–∞ –Ω–∞ –æ–±'—î–∫—Ç,https://www.bazarok.ua/ru/obyavleniya/bryhada-na-obiekt-709572529.html
"–ø—Ä–æ–¥–∞–∂ 3-–∫ –∫–≤–∞—Ä—Ç–∏—Ä–∞ –ö–∏—ó–≤, –î–Ω—ñ–ø—Ä–æ–≤—Å—å–∫–∏–π, 61900 $",https://www.bazarok.ua/ru/obyavleniya/prodazh-3-k-kvartyra-kyiv-dniprovskyi-61900-$-709572146.html
–î–∏–≤–∞–Ω –∏ –¥–≤–∞ –∫—Ä–µ—Å–ª–∞ (—Å–∞–º–æ–≤—ã–≤–æ–∑),https://www.bazarok.ua/ru/obyavleniya/dyvan-y-dva-kresla-samovyvoz-709571708.html
"–ø—Ä–æ–¥–∞–∂ 2-–∫ –∫–≤–∞—Ä—Ç–∏—Ä–∞ –ö–∏—ó–≤, –ü–æ–¥—ñ–ª—å—Å—å–∫–∏–π, 67000 $",https://www.bazarok.ua/ru/obyavleniya/prodazh-2-k-kvartyra-kyiv-podilskyi-67000-$-12-709572528.html
"–ø—Ä–æ–¥–∞–∂ 1-–∫ –∫–≤–∞—Ä—Ç–∏—Ä–∞ –ö–∏—ó–≤, –ì–æ–ª–æ—Å—ñ—ó–≤—Å—å–∫–∏–π, 49000 $",https://www.bazarok.ua/ru/obyavleniya/prodazh-1-k-kvartyra-kyiv-holosiivskyi-49000-$-709571593.html
"–ø—Ä–æ–¥–∞–∂ 1-–∫ –∫–≤–∞—Ä—Ç–∏—Ä–∞ –ö–∏—ó–≤, –®–µ–≤—á–µ–Ω–∫—ñ–≤—Å—å–∫–∏–π, 85000 $",https://www.bazarok.ua/ru/obyavleniya/prodazh-1-k-kvartyra-kyiv-shevchenkivskyi-85000-$-709570889.html
"–ø—Ä–æ–¥–∞–∂ 3-–∫ –∫–≤–∞—Ä—Ç–∏—Ä–∞ –ö–∏—ó–≤, –®–µ–≤—á–µ–Ω–∫—ñ–≤—Å—å–∫–∏–π, 195000 $",https://www.bazarok.ua/ru/obyavleniya/prodazh-3-k-kvartyra-kyiv-shevchenkivskyi-195000-$-709572318.html
"–ø—Ä–æ–¥–∞–∂ 2-–∫ –∫–≤–∞—Ä—Ç–∏—Ä–∞ –°—É–º–∏, –ó–∞—Ä—ñ—á–Ω–∏–π, 57000 $",https://www.bazarok.ua/ru/obyavleniya/prodazh-2-k-kvartyra-sumy-zarichnyi-57000-$-709571749.html
–í–µ–ª–æ—Å–∏–ø–µ–¥ –¥–æ—Ä–æ–∂–Ω—ã–π –•–í–ó –ª—é–∫—Å 28 –¥—é–π–º–æ–≤ –£–∫—Ä–∞–∏–Ω–∞ LUX,https://www.bazarok.ua/ru/obyavleniya/velosyped-dorozhnyi-khvz-liuks-28-diuimov-ukrayna-lux-709571864.html
–ö–æ–ª–µ—Å–æ –∑–∞–¥–Ω–µ–µ 28 29 –¥—é–π–º–æ–≤ –Ω–∞ –¥–≤–æ–π–Ω–æ–º –æ–±–æ–¥–µ –Ω–∞ –≤—Ç—É–ª–∫–µ velosteel,https://www.bazarok.ua/ru/obyavleniya/koleso-zadnee-28-29-diuimov-na-dvoinom-obode-na-vtulke-velosteel-709572527.html
–ü–ª–∞–Ω–µ—Ç–∞—Ä–Ω–∞—è –≤—Ç—É–ª–∫–∞ Shimano Nexus Inter-3 Sg-3c41 –æ–ø—Ç –∏ —Ä–æ–∑–Ω–∏—Ü–∞,https://www.bazarok.ua/ru/obyavleniya/planetarnaia-vtulka-shimano-nexus-inter-3-sg-3c41-opt-y-roznytsa-709568612.html
–¢–æ—Ä–º–æ–∑–∞ –≤–∏-–±—Ä–µ–π–∫–∏ –ø–æ–ª–Ω—ã–π –∫–æ–º–ø–ª–µ–∫—Ç –Ω–∞ –¥–≤–∞ –∫–æ–ª–µ—Å–∞ Shimano BR-T4000,https://www.bazarok.ua/ru/obyavleniya/tormoza-vy-breiky-polnyi-komplekt-na-dva-kolesa-shimano-br-t4000-709570149.html
"–ø—Ä–æ–¥–∞–∂ 3-–∫ –∫–≤–∞—Ä—Ç–∏—Ä–∞ –ö–∏—ó–≤, –ì–æ–ª–æ—Å—ñ—ó–≤—Å—å–∫–∏–π, 235000 $",https://www.bazarok.ua/ru/obyavleniya/prodazh-3-k-kvartyra-kyiv-holosiivskyi-235000-$-4-709572526.html
"–ø—Ä–æ–¥–∞–∂ 1-–∫ –∫–≤–∞—Ä—Ç–∏—Ä–∞ –ö–∏—ó–≤, –ü–æ–¥—ñ–ª—å—Å—å–∫–∏–π, 57000 $",https://www.bazarok.ua/ru/obyavleniya/prodazh-1-k-kvartyra-kyiv-podilskyi-57000-$-709572051.html
"–ø—Ä–æ–¥–∞–∂ 1-–∫ –∫–≤–∞—Ä—Ç–∏—Ä–∞ –ö–∏—ó–≤, –î–Ω—ñ–ø—Ä–æ–≤—Å—å–∫–∏–π, 28500 $",https://www.bazarok.ua/ru/obyavleniya/prodazh-1-k-kvartyra-kyiv-dniprovskyi-28500-$-709572103.html
–í–µ–ª–æ –∫–æ–ª–µ—Å–æ –∑–∞–¥–Ω–µ–µ –Ω–∞ –¥–≤–æ–π–Ω–æ–º –æ–±–æ–¥ –Ω–∞ –ø–ª–∞–Ω–µ—Ç–∞—Ä–Ω–æ–π –≤—Ç—É–ª–∫–µ Shimano 3,https://www.bazarok.ua/ru/obyavleniya/velo-koleso-zadnee-na-dvoinom-obod-na-planetarnoi-vtulke-shimano-3-709568359.html
–í–µ–ª–æ —Å–ø–∏—Ü–∞ —É—Å–∏–ª–µ–Ω–Ω–∞—è 3–º–º –û–ø—Ç –∏ —Ä–æ–∑–Ω–∏—Ü–∞,https://www.bazarok.ua/ru/obyavleniya/velo-spytsa-usylennaia-3mm-opt-y-roznytsa-709570821.html
–ö–∞—Å—Å–µ—Ç–∞ –Ω–∞ 9 —Å–∫–æ—Ä–æ—Å—Ç–µ–π Shimano –û–ø—Ç –∏ —Ä–æ–∑–Ω–∏—Ü–∞,https://www.bazarok.ua/ru/obyavleniya/kasseta-na-9-skorostei-shimano-opt-y-roznytsa-709540272.html
–í–µ–ª–æ –∫–æ–ª–µ—Å–∞ 26 28 –¥—é–π–º–æ–≤ –¥–≤–æ–π–Ω–æ–π –æ–±–æ–¥ –∫–æ–º–ø–ª–µ–∫—Ç –ø–æ–¥ —Ç—Ä–µ—â–æ—Ç–∫—É,https://www.bazarok.ua/ru/obyavleniya/velo-kolesa-26-28-diuimov-dvoinoi-obod-komplekt-pod-treshchotku-683368710.html
–í–µ–ª–æ –∫–æ–ª–µ—Å–∞ –∫–æ–º–ø–ª–µ–∫—Ç 24 26 28  –¥—é–π–º–æ–≤ –Ω–∞ –¥–≤–æ–π–Ω–æ–º –æ–±–æ–¥–µ –Ω–∞ —É—Å–∏–ª–µ–Ω–Ω–æ–π —Å–ø–∏—Ü–µ 3–º–º,https://www.bazarok.ua/ru/obyavleniya/velo-kolesa-komplekt-24-26-28-diuimov-na-dvoinom-obode-na-usylennoi-spytse-3mm-683381950.html
–í–µ–ª–æ –ö–æ–ª–µ—Å–∞ –¥–≤–æ–π–Ω–æ–π –æ–±–æ–¥ 20 24 26 28 29 –¥—é–π–º–æ–≤ –Ω–∞ –ø–ª–∞–Ω–µ—Ç–∞—Ä–Ω–æ–π –≤—Ç—É–ª–∫–æ–π NEXUS SG-3C41 (–Ω–µ–∫—Å—É—Å),https://www.bazarok.ua/ru/obyavleniya/velo-kolesa-dvoinoi-obod-20-24-26-28-29-diuimov-na-planetarnoi-vtulkoi-nexus-sg-3c41-neksus-709532309.html
–í–µ–ª–æ –∫–æ–ª–µ—Å–∞ 20 24 26 28 –¥—é–π–º–æ–≤ –ø–æ–¥ –¥–∏—Å–∫–æ–≤—ã–π —Ç–æ—Ä–º–æ–∑ –¥–≤–æ–π–Ω–æ–π –æ–±–æ–¥ –∫–æ–º–ø–ª–µ–∫—Ç —Å–ø–∏—Ü–∞ —É—Å–∏–ª–µ–Ω–Ω–∞—è 3–º–º,https://www.bazarok.ua/ru/obyavleniya/velo-kolesa-20-24-26-28-diuimov-pod-dyskovyi-tormoz-dvoinoi-obod-komplekt-spytsa-usylennaia-3mm-683368157.html
–í–µ–ª–æ –∫–æ–ª–µ—Å–∞ –î–≤–æ–π–Ω–æ–π –æ–±–æ–¥ –∫–æ–º–ø–ª–µ–∫—Ç 26 28 - 29 –¥—é–π–º–æ–≤ –ø–æ–¥ —Ç—Ä–µ—â–æ—Ç–∫—É –ø–æ–¥ —ç–∫—Å—Ü–µ–Ω—Ç—Ä–∏–∫,https://www.bazarok.ua/ru/obyavleniya/velo-kolesa-dvoinoi-obod-komplekt-26-28-29-diuimov-pod-treshchotku-pod-ekstsentryk-683367766.html
–ò—â—É —Ö–æ–∑—è–π–∫—É –∫–æ—Ç–æ—Ä–∞—è –Ω—É–∂–¥–∞–µ—Ç—Å—è –≤ –ø–æ–º–æ—â–∏.,https://www.bazarok.ua/ru/obyavleniya/yshchu-khoziaiku-kotoraia-nuzhdaetsia-v-pomoshchy-709568690.html
–ö–æ–º–ø–ª–µ–∫—Ç –∫–æ–ª–µ—Å (–≤–∏–ª—Å–µ—Ç) 20 24 26 28 –¥—é–π–º–æ–≤ ALx2 –Ω–∞ –≤—Ç—É–ª–∫–µ VELOSTEEL —Å —Ä–µ–∑–∏–Ω–æ–π,https://www.bazarok.ua/ru/obyavleniya/komplekt-koles-vylset-20-24-26-28-diuimov-alx2-na-vtulke-velosteel-s-rezynoi-683355605.html
50 –∫–æ–ø 1992 1994 –≥–æ–¥–∞,https://www.bazarok.ua/ru/obyavleniya/50-kop-1992-1994-hoda-709567348.html
–í–µ–ª–æ –∫–æ–ª–µ—Å–∞ –∫–æ–º–ø–ª–µ–∫—Ç 20 24 26 28 –¥—é–π–º–æ–≤ –Ω–∞ —É—Å–∏–ª–µ–Ω–Ω–æ–π —Å–ø–∏—Ü–µ 3–º–º –ø–æ–¥ –¥–∏—Å–∫–æ–≤—ã–π —Ç–æ—Ä–º–æ–∑,https://www.bazarok.ua/ru/obyavleniya/velo-kolesa-komplekt-20-24-26-28-diuimov-na-usylennoi-spytse-3mm-pod-dyskovyi-tormoz-683382326.html
–í–µ–ª–æ –∫–æ–ª–µ—Å–∞ –Ω–∞ –¥–æ—Ä–æ–∂–Ω—ã–π –≤–µ–ª–æ—Å–∏–ø–µ–¥ –∫–æ–º–ø–ª–µ–∫—Ç 20.24.26.28 –¥—é–π–º–æ–≤ –°–ø–∏—Ü–∞ - –£—Å–∏–ª–µ–Ω–Ω–∞—è 3–º–º,https://www.bazarok.ua/ru/obyavleniya/velo-kolesa-na-dorozhnyi-velosyped-komplekt-20-24-26-28-diuimov-spytsa-usylennaia-3mm-683382112.html
–ú–∞—Å—Å–∞–∂ –¥–ª—è –º–∏–ª—ã—Ö –¥–∞–º.,https://www.bazarok.ua/ru/obyavleniya/massazh-dlia-mylykh-dam-709564779.html
–í–µ–ª–æ –∫–æ–ª–µ—Å–∞ 20.24.26.28 –¥—é–π–º–æ–≤ –¥–≤–æ–π–Ω–æ–π –æ–±–æ–¥ –Ω–∞ –ø–ª–∞–Ω–µ—Ç–∞—Ä–Ω–æ–π –≤—Ç—É–ª–∫–µ 3 —Å–∫–æ—Ä–æ—Å—Ç–µ–π –∫–æ–º–ø–ª–µ–∫—Ç,https://www.bazarok.ua/ru/obyavleniya/velo-kolesa-20-24-26-28-diuimov-dvoinoi-obod-na-planetarnoi-vtulke-3-skorostei-komplekt-683382589.html
"–†–∞—Å–ø–∏–ª–æ–≤–∫–∞  –±—Ä–µ–≤–µ–Ω, –≤–µ—Ç–æ–∫, –ø–Ω–µ–π.",https://www.bazarok.ua/ru/obyavleniya/raspylovka-breven-vetok-pnei-709563296.html
"–ö—É–ø–ª—é —Å—Ç–∞—Ä—ã–µ –ø—Ä–µ–¥–º–µ—Ç—ã, –º–æ–Ω–µ—Ç—ã, —Å–µ—Ä–µ–±—Ä–æ –Ω–∞ –ª–æ–º, —Å—Ç–∞—Ä—ã–µ –≤–µ—â–∏.",https://www.bazarok.ua/ru/obyavleniya/kupliu-starye-predmety-monety-serebro-na-lom-starye-veshchy-709542474.html
–û–±—É—á–µ–Ω–∏–µ –≤–∑—Ä–æ—Å–ª—ã—Ö –∏ –¥–µ—Ç–µ–π —à–∞—Ö–º–∞—Ç–∞–º. –¢—Ä–µ–Ω–µ—Ä –ø–æ —à–∞—Ö–º–∞—Ç–∞–º. –ò–Ω–¥–∏–≤–∏–¥—É–∞–ª—å–Ω—ã–µ –∑–∞–Ω—è—Ç–∏—è.  –û–Ω–ª–∞–π–Ω.    ,https://www.bazarok.ua/ru/obyavleniya/obuchenye-vzroslykh-y-detei-shakhmatam-trener-po-shakhmatam-yndyvydualnye-zaniatyia-onlain-698646749.html
 –ú—É–∑—ã–∫–∞ –Ω–∞ —Ç–æ—Ä–∂–µ—Å—Ç–≤–æ. –ú–µ—Ä–æ–ø—Ä–∏—è—Ç–∏–µ —Å–≤—è–∑–∞–Ω–Ω—ã–µ —Å –º—É–∑—ã–∫–æ–π.,https://www.bazarok.ua/ru/obyavleniya/muzyka-na-torzhestvo-meropryiatye-sviazannye-s-muzykoi-698733688.html
–ü—Ä–∏–º—É –≤ –¥–∞—Ä –∫–æ–º–ø—å—é—Ç–µ—Ä–Ω—ã–µ –∫–æ–º–ø–ª–µ–∫—Ç—É—é—â–∏–µ –±—É–¥—É –±–ª–∞–≥–æ–¥–∞—Ä–µ–Ω.,https://www.bazarok.ua/ru/obyavleniya/prymu-v-dar-kompiuternye-komplektuiushchye-budu-blahodaren-708837204.html
"–ø—Ä–æ–¥–∞–∂ –ø—ñ–¥–∑–µ–º–Ω–∏–π –ø–∞—Ä–∫—ñ–Ω–≥ –ö–∏—ó–≤, –û–±–æ–ª–æ–Ω—Å—å–∫–∏–π, 20000 $",https://www.bazarok.ua/ru/obyavleniya/prodazh-pidzemnyi-parkinh-kyiv-obolonskyi-20000-$-2-709572490.html
"–ø—Ä–æ–¥–∞–∂ 3-–∫ –∫–≤–∞—Ä—Ç–∏—Ä–∞ –ö–∏—ó–≤, –ü–µ—á–µ—Ä—Å—å–∫–∏–π, 700000 $",https://www.bazarok.ua/ru/obyavleniya/prodazh-3-k-kvartyra-kyiv-pecherskyi-700000-$-17-709572489.html
"–¥–æ–≤–≥–æ—Å—Ç—Ä–æ–∫–æ–≤–∞ –æ—Ä–µ–Ω–¥–∞ –æ—Ñ—ñ—Å–Ω–µ –ø—Ä–∏–º—ñ—â–µ–Ω–Ω—è –ö–∏—ó–≤, –ü–µ—á–µ—Ä—Å—å–∫–∏–π, 5000 $/–º—ñ—Å.",https://www.bazarok.ua/ru/obyavleniya/dovhostrokova-orenda-ofisne-prymishchennia-kyiv-pecherskyi-5000-$-mis-53-709572488.html
"–¥–æ–≤–≥–æ—Å—Ç—Ä–æ–∫–æ–≤–∞ –æ—Ä–µ–Ω–¥–∞ –æ—Ñ—ñ—Å–Ω–µ –ø—Ä–∏–º—ñ—â–µ–Ω–Ω—è –ö–∏—ó–≤, –ü–µ—á–µ—Ä—Å—å–∫–∏–π, 30000 –≥—Ä–Ω./–º—ñ—Å.",https://www.bazarok.ua/ru/obyavleniya/dovhostrokova-orenda-ofisne-prymishchennia-kyiv-pecherskyi-30000-hrn-mis-31-709572487.html
"–ø—Ä–æ–¥–∞–∂ 1-–∫ –∫–≤–∞—Ä—Ç–∏—Ä–∞ –ö–∏—ó–≤, –î–Ω—ñ–ø—Ä–æ–≤—Å—å–∫–∏–π, 63000 $",https://www.bazarok.ua/ru/obyavleniya/prodazh-1-k-kvartyra-kyiv-dniprovskyi-63000-$-12-709572486.html
"–ø—Ä–æ–¥–∞–∂ 3-–∫ –∫–≤–∞—Ä—Ç–∏—Ä–∞ –ë—É—á–∞–Ω—Å—å–∫–∏–π, –ö—Ä—é–∫—ñ–≤—â–∏–Ω–∞, 51500 $",https://www.bazarok.ua/ru/obyavleniya/prodazh-3-k-kvartyra-buchanskyi-kriukivshchyna-51500-$-709572485.html
"–ø—Ä–æ–¥–∞–∂ 3-–∫ –∫–≤–∞—Ä—Ç–∏—Ä–∞ –ë—É—á–∞–Ω—Å—å–∫–∏–π, –ß–∞–π–∫–∏, 95000 $",https://www.bazarok.ua/ru/obyavleniya/prodazh-3-k-kvartyra-buchanskyi-chaiky-95000-$-3-709572484.html
–ë–µ–ª—ã–π –≤—è–∑–∞–Ω—ã–π –∫–∞—Ä–¥–∏–≥–∞–Ω —Å –ø–æ—è—Å–æ–º —Ä—É—á–Ω–æ–π —Ä–∞–±–æ—Ç—ã Handmade,https://www.bazarok.ua/ru/obyavleniya/belyi-viazanyi-kardyhan-s-poiasom-ruchnoi-raboty-handmade-676912572.html
–ë–µ–ª—ã–π —Å–≤–µ—Ç–ª—ã–π –∫–∞—Ä–¥–∏–≥–∞–Ω –∏–∑ –ø–æ–ª—É—à–µ—Ä—Å—Ç–∏ —Ä—É—á–Ω–æ–π —Ä–∞–±–æ—Ç—ã Handmade,https://www.bazarok.ua/ru/obyavleniya/belyi-svetlyi-kardyhan-yz-polushersty-ruchnoi-raboty-handmade-692194449.html
–ö–æ—Ä–∏—á–Ω–µ–≤–∞—è –∫–æ—Ñ–µ–π–Ω–∞—è –∂–∏–ª–µ—Ç–∫–∞ –∂–∏–ª–µ—Ç –∫–∞—Ä–¥–∏–≥–∞–Ω —Å –º–µ—Ö–æ–≤—ã–º –≤–æ—Ä–æ—Ç–Ω–∏–∫–æ–º Handmade,https://www.bazarok.ua/ru/obyavleniya/korychnevaia-kofeinaia-zhyletka-zhylet-kardyhan-s-mekhovym-vorotnykom-handmade-664183327.html
–ö–æ—Ä–∏—á–Ω–µ–≤–æ–µ —Å–≤–µ—Ç–ª–æ–µ –º—É–∂—Å–∫–æ–µ –æ—Å–µ–Ω–Ω–∏–µ –ø–∞–ª—å—Ç–æ,https://www.bazarok.ua/ru/obyavleniya/korychnevoe-svetloe-muzhskoe-osennye-palto-703766726.html
–ß–µ—Ä–Ω–æ–µ –∫–æ–∂–∞–Ω–æ–µ –∂–µ–Ω—Å–∫–æ–µ –ø–∞–ª—å—Ç–æ,https://www.bazarok.ua/ru/obyavleniya/chernoe-kozhanoe-zhenskoe-palto-661246968.html
–ü–∞–ª—å—Ç–æ –æ—Å—ñ–Ω–Ω—î —Ä–æ–∂–µ–≤–µ –¥–æ–≤–≥–µ,https://www.bazarok.ua/ru/obyavleniya/palto-osinnie-rozheve-dovhe-692194876.html
–ì–æ–ª—É–±–æ–µ –ø–∞–ª—å—Ç–æ –ø—É—Ö–æ–≤–∏–∫ —Å –º–µ—Ö–æ–≤—ã–º –≤–æ—Ä–æ—Ç–Ω–∏–∫–æ–º,https://www.bazarok.ua/ru/obyavleniya/holuboe-palto-pukhovyk-s-mekhovym-vorotnykom-692194649.html
–ö—Ä–∞—Å–Ω–∞—è –ª—ã–∂–Ω–∞—è –∑–∏–º–Ω—è—è –º—É–∂—Å–∫–∞—è —Ç–µ—Ä–º–æ–∫—É—Ä—Ç–∫–∞,https://www.bazarok.ua/ru/obyavleniya/krasnaia-lyzhnaia-zymniaia-muzhskaia-termokurtka-703229094.html
–°–µ—Ä–∞—è –Ω–æ—Ä–∫–æ–≤–∞—è —à–∞–ø–∫–∞ –≤–∏–Ω—Ç–∞–∂,https://www.bazarok.ua/ru/obyavleniya/seraia-norkovaia-shapka-vyntazh-660986735.html
–ß–µ—Ä–Ω—ã–µ –≤—ã—Å–æ–∫–∏–µ –∑–∞–º—à–µ–≤—ã–µ —Å–∞–ø–æ–≥–∏ –Ω–∞ –∫–∞–±–ª—É–∫–µ Stoalos,https://www.bazarok.ua/ru/obyavleniya/chernye-vysokye-zamshevye-sapohy-na-kabluke-stoalos-704474019.html
–ß–µ—Ä–Ω—ã–µ –∑–∞–º—à–µ–≤—ã–µ —Å–∞–ø–æ–≥–∏ –µ–≤—Ä–æ–ø–µ–π–∫–∞ –Ω–∞ —Ç–∞–Ω–∫–µ—Ç–∫–µ Kelton,https://www.bazarok.ua/ru/obyavleniya/chernye-zamshevye-sapohy-evropeika-na-tanketke-kelton-668141459.html
–ß–µ—Ä–Ω—ã–µ –∑–∏–º–Ω–∏–µ –∑–∞–º—à–µ–≤—ã–µ —Å–∞–ø–æ–≥–∏ –Ω–∞ —Å—Ä–µ–¥–Ω–µ–º –∫–∞–±–ª—É–∫–µ –±/—É,https://www.bazarok.ua/ru/obyavleniya/chernye-zymnye-zamshevye-sapohy-na-srednem-kabluke-b-u-660997830.html
"–ø—Ä–æ–¥–∞–∂ 2-–∫ –∫–≤–∞—Ä—Ç–∏—Ä–∞ –ë—É—á–∞–Ω—Å—å–∫–∏–π, –ë—É—á–∞, 37500 $",https://www.bazarok.ua/ru/obyavleniya/prodazh-2-k-kvartyra-buchanskyi-bucha-37500-$-6-709572483.html
"–ø—Ä–æ–¥–∞–∂ 2-–∫ –∫–≤–∞—Ä—Ç–∏—Ä–∞ –ö–∏—ó–≤, –°–≤—è—Ç–æ—à–∏–Ω—Å—å–∫–∏–π, 118000 $",https://www.bazarok.ua/ru/obyavleniya/prodazh-2-k-kvartyra-kyiv-sviatoshynskyi-118000-$-3-709572482.html
"–ø—Ä–æ–¥–∞–∂ 2-–∫ –∫–≤–∞—Ä—Ç–∏—Ä–∞ –ö–∏—ó–≤, –°–≤—è—Ç–æ—à–∏–Ω—Å—å–∫–∏–π, 140000 $",https://www.bazarok.ua/ru/obyavleniya/prodazh-2-k-kvartyra-kyiv-sviatoshynskyi-140000-$-3-709572481.html
"–ø—Ä–æ–¥–∞–∂ 2-–∫ –∫–≤–∞—Ä—Ç–∏—Ä–∞ –ö–∏—ó–≤, –ü–µ—á–µ—Ä—Å—å–∫–∏–π, 163000 $",https://www.bazarok.ua/ru/obyavleniya/prodazh-2-k-kvartyra-kyiv-pecherskyi-163000-$-709572480.html
"–ø—Ä–æ–¥–∞–∂ 1-–∫ –∫–≤–∞—Ä—Ç–∏—Ä–∞ –ö–∏—ó–≤, –®–µ–≤—á–µ–Ω–∫—ñ–≤—Å—å–∫–∏–π, 95000 $",https://www.bazarok.ua/ru/obyavleniya/prodazh-1-k-kvartyra-kyiv-shevchenkivskyi-95000-$-12-709572479.html
"–ø—Ä–æ–¥–∞–∂ 1-–∫ –∫–≤–∞—Ä—Ç–∏—Ä–∞ –ö–∏—ó–≤, –°–æ–ª–æ–º`—è–Ω—Å—å–∫–∏–π, 49990 $",https://www.bazarok.ua/ru/obyavleniya/prodazh-1-k-kvartyra-kyiv-solomianskyi-49990-$-709572478.html
"–ø—Ä–æ–¥–∞–∂ 3-–∫ –∫–≤–∞—Ä—Ç–∏—Ä–∞ –ö–∏—ó–≤, –î–∞—Ä–Ω–∏—Ü—å–∫–∏–π, 120000 $",https://www.bazarok.ua/ru/obyavleniya/prodazh-3-k-kvartyra-kyiv-darnytskyi-120000-$-30-709572477.html
"–ø—Ä–æ–¥–∞–∂ 2-–∫ –∫–≤–∞—Ä—Ç–∏—Ä–∞ –ö–∏—ó–≤, –°–≤—è—Ç–æ—à–∏–Ω—Å—å–∫–∏–π, 72000 $",https://www.bazarok.ua/ru/obyavleniya/prodazh-2-k-kvartyra-kyiv-sviatoshynskyi-72000-$-709572476.html
"–¥–æ–≤–≥–æ—Å—Ç—Ä–æ–∫–æ–≤–∞ –æ—Ä–µ–Ω–¥–∞ 1-–∫ –∫–≤–∞—Ä—Ç–∏—Ä–∞ –ö–∏—ó–≤, –ü–æ–¥—ñ–ª—å—Å—å–∫–∏–π, 25000 –≥—Ä–Ω./–º—ñ—Å.",https://www.bazarok.ua/ru/obyavleniya/dovhostrokova-orenda-1-k-kvartyra-kyiv-podilskyi-25000-hrn-mis-3-709572475.html
"–ø—Ä–æ–¥–∞–∂ —Ç–æ—Ä–≥–æ–≤—ñ –ø–ª–æ—â—ñ –ö–∏—ó–≤, –ü–æ–¥—ñ–ª—å—Å—å–∫–∏–π, 94050 $",https://www.bazarok.ua/ru/obyavleniya/prodazh-torhovi-ploshchi-kyiv-podilskyi-94050-$-7-709572474.html
"–¥–æ–≤–≥–æ—Å—Ç—Ä–æ–∫–æ–≤–∞ –æ—Ä–µ–Ω–¥–∞ –æ—Ñ—ñ—Å–Ω–µ –ø—Ä–∏–º—ñ—â–µ–Ω–Ω—è –ö–∏—ó–≤, –ü–æ–¥—ñ–ª—å—Å—å–∫–∏–π, 6500 –≥—Ä–Ω./–º—ñ—Å.",https://www.bazarok.ua/ru/obyavleniya/dovhostrokova-orenda-ofisne-prymishchennia-kyiv-podilskyi-6500-hrn-mis-2-709572473.html
"–ø—Ä–æ–¥–∞–∂ —Ç–æ—Ä–≥–æ–≤—ñ –ø–ª–æ—â—ñ –ö–∏—ó–≤, –®–µ–≤—á–µ–Ω–∫—ñ–≤—Å—å–∫–∏–π, 83500 $",https://www.bazarok.ua/ru/obyavleniya/prodazh-torhovi-ploshchi-kyiv-shevchenkivskyi-83500-$-6-709572472.html
"–¥–æ–≤–≥–æ—Å—Ç—Ä–æ–∫–æ–≤–∞ –æ—Ä–µ–Ω–¥–∞ 3-–∫ –∫–≤–∞—Ä—Ç–∏—Ä–∞ –ö–∏—ó–≤, –ì–æ–ª–æ—Å—ñ—ó–≤—Å—å–∫–∏–π, 1000 $/–º—ñ—Å.",https://www.bazarok.ua/ru/obyavleniya/dovhostrokova-orenda-3-k-kvartyra-kyiv-holosiivskyi-1000-$-mis-9-709572471.html
"–ø—Ä–æ–¥–∞–∂ 2-–∫ –∫–≤–∞—Ä—Ç–∏—Ä–∞ –ö–∏—ó–≤, –ü–æ–¥—ñ–ª—å—Å—å–∫–∏–π, 161000 $",https://www.bazarok.ua/ru/obyavleniya/prodazh-2-k-kvartyra-kyiv-podilskyi-161000-$-3-709572469.html
"–ø—Ä–æ–¥–∞–∂ 3-–∫ –∫–≤–∞—Ä—Ç–∏—Ä–∞ –ö–∏—ó–≤, –ì–æ–ª–æ—Å—ñ—ó–≤—Å—å–∫–∏–π, 155000 $",https://www.bazarok.ua/ru/obyavleniya/prodazh-3-k-kvartyra-kyiv-holosiivskyi-155000-$-17-709572468.html
"–ø—Ä–æ–¥–∞–∂ 1-–∫ –∫–≤–∞—Ä—Ç–∏—Ä–∞ –ö–∏—ó–≤, –°–≤—è—Ç–æ—à–∏–Ω—Å—å–∫–∏–π, 63000 $",https://www.bazarok.ua/ru/obyavleniya/prodazh-1-k-kvartyra-kyiv-sviatoshynskyi-63000-$-14-709572466.html
"–ø—Ä–æ–¥–∞–∂ 4-–∫ –∫–≤–∞—Ä—Ç–∏—Ä–∞ –ö–∏—ó–≤, –ü–µ—á–µ—Ä—Å—å–∫–∏–π, 370000 $",https://www.bazarok.ua/ru/obyavleniya/prodazh-4-k-kvartyra-kyiv-pecherskyi-370000-$-3-709572465.html
"–ø—Ä–æ–¥–∞–∂ 3-–∫ –∫–≤–∞—Ä—Ç–∏—Ä–∞ –ö–∏—ó–≤, –®–µ–≤—á–µ–Ω–∫—ñ–≤—Å—å–∫–∏–π, 205000 $",https://www.bazarok.ua/ru/obyavleniya/prodazh-3-k-kvartyra-kyiv-shevchenkivskyi-205000-$-7-709572464.html
"–ø—Ä–æ–¥–∞–∂ 3-–∫ –∫–≤–∞—Ä—Ç–∏—Ä–∞ –ö–∏—ó–≤, –î–∞—Ä–Ω–∏—Ü—å–∫–∏–π, 68000 $",https://www.bazarok.ua/ru/obyavleniya/prodazh-3-k-kvartyra-kyiv-darnytskyi-68000-$-13-709572463.html
"–¥–æ–≤–≥–æ—Å—Ç—Ä–æ–∫–æ–≤–∞ –æ—Ä–µ–Ω–¥–∞ –æ—Ñ—ñ—Å–Ω–µ –ø—Ä–∏–º—ñ—â–µ–Ω–Ω—è –ö–∏—ó–≤, –ì–æ–ª–æ—Å—ñ—ó–≤—Å—å–∫–∏–π, 117440 –≥—Ä–Ω./–º—ñ—Å.",https://www.bazarok.ua/ru/obyavleniya/dovhostrokova-orenda-ofisne-prymishchennia-kyiv-holosiivskyi-117440-hrn-mis-37-709572462.html
"–¥–æ–≤–≥–æ—Å—Ç—Ä–æ–∫–æ–≤–∞ –æ—Ä–µ–Ω–¥–∞ –æ—Ñ—ñ—Å–Ω–µ –ø—Ä–∏–º—ñ—â–µ–Ω–Ω—è –ö–∏—ó–≤, –ì–æ–ª–æ—Å—ñ—ó–≤—Å—å–∫–∏–π, 617890 –≥—Ä–Ω./–º—ñ—Å.",https://www.bazarok.ua/ru/obyavleniya/dovhostrokova-orenda-ofisne-prymishchennia-kyiv-holosiivskyi-617890-hrn-mis-21-709572461.html
"–¥–æ–≤–≥–æ—Å—Ç—Ä–æ–∫–æ–≤–∞ –æ—Ä–µ–Ω–¥–∞ –æ—Ñ—ñ—Å–Ω–µ –ø—Ä–∏–º—ñ—â–µ–Ω–Ω—è –ö–∏—ó–≤, –û–±–æ–ª–æ–Ω—Å—å–∫–∏–π, 5000 –≥—Ä–Ω./–º—ñ—Å.",https://www.bazarok.ua/ru/obyavleniya/dovhostrokova-orenda-ofisne-prymishchennia-kyiv-obolonskyi-5000-hrn-mis-9-709572460.html
"–¥–æ–≤–≥–æ—Å—Ç—Ä–æ–∫–æ–≤–∞ –æ—Ä–µ–Ω–¥–∞ –æ—Ñ—ñ—Å–Ω–∞ –±—É–¥—ñ–≤–ª—è –ö–∏—ó–≤, –û–±–æ–ª–æ–Ω—Å—å–∫–∏–π, 10648 –≥—Ä–Ω./–º—ñ—Å.",https://www.bazarok.ua/ru/obyavleniya/dovhostrokova-orenda-ofisna-budivlia-kyiv-obolonskyi-10648-hrn-mis-21-709572459.html
"–¥–æ–≤–≥–æ—Å—Ç—Ä–æ–∫–æ–≤–∞ –æ—Ä–µ–Ω–¥–∞ –æ—Ñ—ñ—Å–Ω–µ –ø—Ä–∏–º—ñ—â–µ–Ω–Ω—è –ö–∏—ó–≤, –ü–æ–¥—ñ–ª—å—Å—å–∫–∏–π, 2058 $/–º—ñ—Å.",https://www.bazarok.ua/ru/obyavleniya/dovhostrokova-orenda-ofisne-prymishchennia-kyiv-podilskyi-2058-$-mis-709572458.html
"–ø—Ä–æ–¥–∞–∂ –ø—Ä–∏–º—ñ—â–µ–Ω–Ω—è –≤—ñ–ª—å–Ω–æ–≥–æ –ø—Ä–∏–∑–Ω–∞—á–µ–Ω–Ω—è, –±—É–¥—ñ–≤–ª—ñ –ë—Ä–æ–≤–∞—Ä—Å—å–∫–∏–π, –ë—Ä–æ–≤–∞—Ä–∏, 36054300 –≥—Ä–Ω.",https://www.bazarok.ua/ru/obyavleniya/prodazh-prymishchennia-vilnoho-pryznachennia-budivli-brovarskyi-brovary-36054300-hrn-709572457.html
"–¥–æ–≤–≥–æ—Å—Ç—Ä–æ–∫–æ–≤–∞ –æ—Ä–µ–Ω–¥–∞ –æ—Ñ—ñ—Å–Ω–∞ –±—É–¥—ñ–≤–ª—è –ö–∏—ó–≤, –®–µ–≤—á–µ–Ω–∫—ñ–≤—Å—å–∫–∏–π, 6000 $/–º—ñ—Å.",https://www.bazarok.ua/ru/obyavleniya/dovhostrokova-orenda-ofisna-budivlia-kyiv-shevchenkivskyi-6000-$-mis-11-709572456.html
"–ø—Ä–æ–¥–∞–∂ 2-–∫ –∫–≤–∞—Ä—Ç–∏—Ä–∞ –ö–∏—ó–≤, –î–Ω—ñ–ø—Ä–æ–≤—Å—å–∫–∏–π, 108500 $",https://www.bazarok.ua/ru/obyavleniya/prodazh-2-k-kvartyra-kyiv-dniprovskyi-108500-$-709572455.html
"–ø—Ä–æ–¥–∞–∂ 1-–∫ –∫–≤–∞—Ä—Ç–∏—Ä–∞ –®–ø–æ–ª—è–Ω—Å—å–∫–∏–π, –®–ø–æ–ª–∞, 402400 –≥—Ä–Ω.",https://www.bazarok.ua/ru/obyavleniya/prodazh-1-k-kvartyra-shpolianskyi-shpola-402400-hrn-69-709572454.html
"–ø—Ä–æ–¥–∞–∂ 1-–∫ –∫–≤–∞—Ä—Ç–∏—Ä–∞ –ë—ñ–ª–æ—Ü–µ—Ä–∫—ñ–≤—Å—å–∫–∏–π, –ë—ñ–ª–∞ –¶–µ—Ä–∫–≤–∞, 57000 $",https://www.bazarok.ua/ru/obyavleniya/prodazh-1-k-kvartyra-bilotserkivskyi-bila-tserkva-57000-$-709572453.html
"–ø—Ä–æ–¥–∞–∂ 2-–∫ –∫–≤–∞—Ä—Ç–∏—Ä–∞ –ö–∏—ó–≤, –ì–æ–ª–æ—Å—ñ—ó–≤—Å—å–∫–∏–π, 30000 $",https://www.bazarok.ua/ru/obyavleniya/prodazh-2-k-kvartyra-kyiv-holosiivskyi-30000-$-3-709572452.html
"–ø—Ä–æ–¥–∞–∂ 2-–∫ –∫–≤–∞—Ä—Ç–∏—Ä–∞ –ö–∏—ó–≤, –ü–æ–¥—ñ–ª—å—Å—å–∫–∏–π, 112800 $",https://www.bazarok.ua/ru/obyavleniya/prodazh-2-k-kvartyra-kyiv-podilskyi-112800-$-2-709572451.html
