Title,Link
"продаж 1-к квартира Київ, Голосіївський, 105000 $",https://www.bazarok.ua/ru/obyavleniya/prodazh-1-k-kvartyra-kyiv-holosiivskyi-105000-$-13-709573376.html
Тумба с раковиной в ванную,https://www.bazarok.ua/ru/obyavleniya/tumba-s-rakovinoi-v-vannuiu-2-709573375.html
Срібний акумулятор продам,https://www.bazarok.ua/ru/obyavleniya/sribnyi-akumuliator-prodam-709573372.html
"довгострокова оренда 1-к квартира Бориспільський, Бориспіль, 11000 грн./міс.",https://www.bazarok.ua/ru/obyavleniya/dovhostrokova-orenda-1-k-kvartyra-boryspilskyi-boryspil-11000-hrn-mis-709573371.html
Набір з вирощування кристалів.,https://www.bazarok.ua/ru/obyavleniya/nabir-z-vyroshchuvannia-krystaliv-709573370.html
пепельница ежик один нижний с коллекции,https://www.bazarok.ua/ru/obyavleniya/pepelnytsa-ezhyk-odyn-nyzhnyi-s-kollektsyy-709573369.html
Тумба с раковиной в ванную,https://www.bazarok.ua/ru/obyavleniya/tumba-s-rakovinoi-v-vannuiu-709573368.html
"Продам Славуту, инжектор",https://www.bazarok.ua/ru/obyavleniya/prodam-slavutu-ynzhektor-709573367.html
"Перевірка на поліграфі, щоб швидко викрити брехню",https://www.bazarok.ua/ru/obyavleniya/perevirka-na-polihrafi-shchob-shvydko-vykryty-brekhniu-709573366.html
Оренда салону краси,https://www.bazarok.ua/ru/obyavleniya/orenda-salonu-krasy-638012723.html
"продаж 3-к квартира Київ, Голосіївський, 139900 $",https://www.bazarok.ua/ru/obyavleniya/prodazh-3-k-kvartyra-kyiv-holosiivskyi-139900-$-2-709573365.html
"довгострокова оренда 1-к квартира Бориспільський, Бориспіль, 7500 грн./міс.",https://www.bazarok.ua/ru/obyavleniya/dovhostrokova-orenda-1-k-kvartyra-boryspilskyi-boryspil-7500-hrn-mis-2-709573364.html
"продаж приміщення вільного призначення, будівлі Київ, Деснянський, 490000 $",https://www.bazarok.ua/ru/obyavleniya/prodazh-prymishchennia-vilnoho-pryznachennia-budivli-kyiv-desnianskyi-490000-$-709573363.html
Пряники Святий Миколай,https://www.bazarok.ua/ru/obyavleniya/prianyky-sviatyi-mykolai-699537265.html
Сапоги женские кожаные,https://www.bazarok.ua/ru/obyavleniya/sapogi-zhenskie-kozhanye-709573362.html
Фотополімерна пломба на зуб Акція Стоматологія ціни недорого Київ. Лікування карієсу,https://www.bazarok.ua/ru/obyavleniya/fotopolimerna-plomba-na-zub-aktsiia-stomatolohiia-tsiny-nedoroho-kyiv-likuvannia-kariiesu-681146140.html
Клініка Терапевтичної стоматології працює у воєнний час. Доступні ціни та акції стоматолог Київ,https://www.bazarok.ua/ru/obyavleniya/klinika-terapevtychnoi-stomatolohii-pratsiuie-u-voiennyi-chas-dostupni-tsiny-ta-aktsii-stomatoloh-kyiv-681147873.html
Професійна чистка зубів AIR Flow. Усього за 597 грн Стоматологія Київ недорого якість з гарантією,https://www.bazarok.ua/ru/obyavleniya/profesiina-chystka-zubiv-air-flow-usoho-za-597-hrn-stomatolohiia-kyiv-nedoroho-iakist-z-harantiieiu-681146655.html
Невідкладна допомога при гострому зубному болю/ пульпіті. Стоматологія недорого Київ,https://www.bazarok.ua/ru/obyavleniya/nevidkladna-dopomoha-pry-hostromu-zubnomu-boliu-pulpiti-stomatolohiia-nedoroho-kyiv-681147516.html
Дитяча коляска 2 в 1,https://www.bazarok.ua/ru/obyavleniya/ditiacha-koliaska-2-v-1-709573361.html
"продаж 4-к квартира Київ, Голосіївський, 367500 $",https://www.bazarok.ua/ru/obyavleniya/prodazh-4-k-kvartyra-kyiv-holosiivskyi-367500-$-2-709573360.html
Динамик BMW 5-Series E60/E61,https://www.bazarok.ua/ru/obyavleniya/dynamyk-bmw-5-series-e60-e61-688632725.html
Динамик BMW 5-Series E60/E61,https://www.bazarok.ua/ru/obyavleniya/dynamyk-bmw-5-series-e60-e61-688581556.html
Коврики в автомобиль,https://www.bazarok.ua/ru/obyavleniya/kovryky-v-avtomobyl-678609430.html
Смартфон Самсунг SM-A305FN/DS,https://www.bazarok.ua/ru/obyavleniya/smartfon-samsunh-sm-a305fn-ds-709502415.html
"продаж кімната Черкаси, Придніпровський, 17000 $",https://www.bazarok.ua/ru/obyavleniya/prodazh-kimnata-cherkasy-prydniprovskyi-17000-$-709573359.html
"продаж 1-к квартира Черкаси, Придніпровський, 34900 $",https://www.bazarok.ua/ru/obyavleniya/prodazh-1-k-kvartyra-cherkasy-prydniprovskyi-34900-$-709573358.html
"продаж 3-к квартира Київ, Шевченківський, 275000 $",https://www.bazarok.ua/ru/obyavleniya/prodazh-3-k-kvartyra-kyiv-shevchenkivskyi-275000-$-4-709573357.html
"продаж 2-к квартира Черкаси, Придніпровський, 69000 $",https://www.bazarok.ua/ru/obyavleniya/prodazh-2-k-kvartyra-cherkasy-prydniprovskyi-69000-$-5-709573356.html
"продаж 5-к будинок Черкаси, Придніпровський, 46000 $",https://www.bazarok.ua/ru/obyavleniya/prodazh-5-k-budynok-cherkasy-prydniprovskyi-46000-$-6-709573355.html
"продаж 3-к квартира Черкаси, Придніпровський, 45900 $",https://www.bazarok.ua/ru/obyavleniya/prodazh-3-k-kvartyra-cherkasy-prydniprovskyi-45900-$-6-709573354.html
"продаж 4-к таунхаус Черкаси, Придніпровський, 69000 $",https://www.bazarok.ua/ru/obyavleniya/prodazh-4-k-taunkhaus-cherkasy-prydniprovskyi-69000-$-6-709573353.html
"продаж 3-к будинок Черкаси, Придніпровський, 46000 $",https://www.bazarok.ua/ru/obyavleniya/prodazh-3-k-budynok-cherkasy-prydniprovskyi-46000-$-5-709573352.html
"продаж 3-к будинок Черкаси, Придніпровський, 68900 $",https://www.bazarok.ua/ru/obyavleniya/prodazh-3-k-budynok-cherkasy-prydniprovskyi-68900-$-6-709573351.html
"продаж 3-к таунхаус Черкаси, Придніпровський, 46000 $",https://www.bazarok.ua/ru/obyavleniya/prodazh-3-k-taunkhaus-cherkasy-prydniprovskyi-46000-$-7-709573350.html
просо канарник у бегах,https://www.bazarok.ua/ru/obyavleniya/proso-kanarnyk-u-behakh-709573349.html
"продаж 1-к квартира Черкаси, Придніпровський, 52000 $",https://www.bazarok.ua/ru/obyavleniya/prodazh-1-k-kvartyra-cherkasy-prydniprovskyi-52000-$-3-709573348.html
Шнековий грядоутворювач,https://www.bazarok.ua/ru/obyavleniya/shnekovyi-hriadoutvoriuvach-709573347.html
"Уроки укр.мови для старшокласників , студентів та аспірантів",https://www.bazarok.ua/ru/obyavleniya/uroky-ukr-movy-dlia-starshoklasnykiv-studentiv-ta-aspirantiv-709573346.html
"продаж ділянка під житлову забудову Фастівський, Віта-Поштова, 67000 $",https://www.bazarok.ua/ru/obyavleniya/prodazh-dilianka-pid-zhytlovu-zabudovu-fastivskyi-vita-poshtova-67000-$-709573345.html
"продаж 3-к квартира Київ, Печерський, 149900 $",https://www.bazarok.ua/ru/obyavleniya/prodazh-3-k-kvartyra-kyiv-pecherskyi-149900-$-709573344.html
"продаж 2-к квартира Київ, Деснянський, 39500 $",https://www.bazarok.ua/ru/obyavleniya/prodazh-2-k-kvartyra-kyiv-desnianskyi-39500-$-709573317.html
Продам шубу чорна натуральна,https://www.bazarok.ua/ru/obyavleniya/prodam-shubu-chorna-naturalna-702134390.html
"продаж ділянка під житлову забудову Обухівський, Нові Безрадичі, 22800 $",https://www.bazarok.ua/ru/obyavleniya/prodazh-dilianka-pid-zhytlovu-zabudovu-obukhivskyi-novi-bezradychi-22800-$-12-709573343.html
"продаж 5-к будинок Київ, Голосіївський, 289950 $",https://www.bazarok.ua/ru/obyavleniya/prodazh-5-k-budynok-kyiv-holosiivskyi-289950-$-12-709573342.html
"продаж ділянка під житлову забудову Фастівський, Віта-Поштова, 89600 $",https://www.bazarok.ua/ru/obyavleniya/prodazh-dilianka-pid-zhytlovu-zabudovu-fastivskyi-vita-poshtova-89600-$-13-709573341.html
"продаж ділянка комерційного призначення Фастівський, Віта-Поштова, 80000 $",https://www.bazarok.ua/ru/obyavleniya/prodazh-dilianka-komertsiinoho-pryznachennia-fastivskyi-vita-poshtova-80000-$-15-709573340.html
"продаж ділянка під житлову забудову Фастівський, Віта-Поштова, 67500 $",https://www.bazarok.ua/ru/obyavleniya/prodazh-dilianka-pid-zhytlovu-zabudovu-fastivskyi-vita-poshtova-67500-$-15-709573339.html
"продаж 3-к будинок Фастівський, Тарасівка, 57500 $",https://www.bazarok.ua/ru/obyavleniya/prodazh-3-k-budynok-fastivskyi-tarasivka-57500-$-2-709573338.html
"продаж 3-к квартира Київ, Дарницький, 201000 $",https://www.bazarok.ua/ru/obyavleniya/prodazh-3-k-kvartyra-kyiv-darnytskyi-201000-$-709573337.html
Шукаю монтажника димоходів,https://www.bazarok.ua/ru/obyavleniya/shukaiu-montazhnyka-dymokhodiv-709573335.html
"продаж 4-к квартира Київ, Дніпровський, 80500 $",https://www.bazarok.ua/ru/obyavleniya/prodazh-4-k-kvartyra-kyiv-dniprovskyi-80500-$-709573334.html
"продаж 4-к квартира Київ, Дніпровський, 59900 $",https://www.bazarok.ua/ru/obyavleniya/prodazh-4-k-kvartyra-kyiv-dniprovskyi-59900-$-709573333.html
"продаж 2-к квартира Київ, Дніпровський, 124900 $",https://www.bazarok.ua/ru/obyavleniya/prodazh-2-k-kvartyra-kyiv-dniprovskyi-124900-$-2-709573332.html
"продаж 1-к квартира Бориспільський, Бориспіль, 37500 $",https://www.bazarok.ua/ru/obyavleniya/prodazh-1-k-kvartyra-boryspilskyi-boryspil-37500-$-709573331.html
"продаж 1-к квартира Фастівський, Гатне, 1306000 грн.",https://www.bazarok.ua/ru/obyavleniya/prodazh-1-k-kvartyra-fastivskyi-hatne-1306000-hrn-16-709573330.html
"продаж 3-к таунхаус Фастівський, Гатне, 52000 $",https://www.bazarok.ua/ru/obyavleniya/prodazh-3-k-taunkhaus-fastivskyi-hatne-52000-$-6-709573329.html
Комплект зимової гуми БУ,https://www.bazarok.ua/ru/obyavleniya/komplekt-zymovoi-humy-bu-709573220.html
"Програма табору, садочку, занять з раннього розвитку дітей",https://www.bazarok.ua/ru/obyavleniya/prohrama-taboru-sadochku-zaniat-z-rannoho-rozvytku-ditei-709573328.html
DVD проигрыватель BBK DV516S,https://www.bazarok.ua/ru/obyavleniya/dvd-proyhryvatel-bbk-dv516s-709573327.html
Оренда салону краси,https://www.bazarok.ua/ru/obyavleniya/orenda-salonu-krasy-638012723.html
"продаж 1-к квартира Київ, Дарницький, 75000 $",https://www.bazarok.ua/ru/obyavleniya/prodazh-1-k-kvartyra-kyiv-darnytskyi-75000-$-709572101.html
Шукаю роботу перукаря,https://www.bazarok.ua/ru/obyavleniya/shukaiu-robotu-perukaria-709573326.html
Сдам свою евродвушку на длительный срок ЖМ Радужный,https://www.bazarok.ua/ru/obyavleniya/sdam-svoiu-evrodvushku-na-dlitelnyi-srok-zhm-raduzhnyi-709573325.html
"Куплю лампы КГТ-220-1000-1, цоколь НРа15/20, 220В 1000Вт, КГТ220-1000, КГТ220-1000-1",https://www.bazarok.ua/ru/obyavleniya/kupliu-lampy-kht-220-1000-1-tsokol-nra15-20-220v-1000vt-kht220-1000-kht220-1000-1-709539121.html
"продаж 3-к квартира Київ, Солом`янський, 74000 $",https://www.bazarok.ua/ru/obyavleniya/prodazh-3-k-kvartyra-kyiv-solomianskyi-74000-$-36-709573322.html
"продаж 2-к квартира Київ, Дарницький, 63000 $",https://www.bazarok.ua/ru/obyavleniya/prodazh-2-k-kvartyra-kyiv-darnytskyi-63000-$-2-709573321.html
"продаж 3-к квартира Київ, Печерський, 57000 $",https://www.bazarok.ua/ru/obyavleniya/prodazh-3-k-kvartyra-kyiv-pecherskyi-57000-$-709573320.html
"продаж 2-к квартира Київ, Солом`янський, 56500 $",https://www.bazarok.ua/ru/obyavleniya/prodazh-2-k-kvartyra-kyiv-solomianskyi-56500-$-3-709573319.html
"довгострокова оренда 3-к квартира Бучанський, Ірпінь, 9000 грн./міс.",https://www.bazarok.ua/ru/obyavleniya/dovhostrokova-orenda-3-k-kvartyra-buchanskyi-irpin-9000-hrn-mis-709573318.html
"довгострокова оренда склади Бучанський, Вишневе, 102000 $/міс.",https://www.bazarok.ua/ru/obyavleniya/dovhostrokova-orenda-sklady-buchanskyi-vyshneve-102000-$-mis-2-709573316.html
"продаж 6-к будинок Київ, Подільський, 360000 євро",https://www.bazarok.ua/ru/obyavleniya/prodazh-6-k-budynok-kyiv-podilskyi-360000-ievro-13-709573315.html
Детский комбинезон 92р на мальчика на 2года,https://www.bazarok.ua/ru/obyavleniya/detskii-kombinezon-92r-na-malchika-na-2goda-709573314.html
Продам натуральную норковую шубу.,https://www.bazarok.ua/ru/obyavleniya/prodam-naturalnuiu-norkovuiu-shubu-709573313.html
"довгострокова оренда приміщення вільного призначення, будівлі Київ, Голосіївський, 13900 грн./міс.",https://www.bazarok.ua/ru/obyavleniya/dovhostrokova-orenda-prymishchennia-vilnoho-pryznachennia-budivli-kyiv-holosiivskyi-13900-hrn-mis-709571947.html
"довгострокова оренда об’єкт сфери послуг Київ, Голосіївський, 14000 грн./міс.",https://www.bazarok.ua/ru/obyavleniya/dovhostrokova-orenda-ob-iekt-sfery-posluh-kyiv-holosiivskyi-14000-hrn-mis-709571831.html
"продаж ділянка під житлову забудову Бучанський, Бобриця, 68750 $",https://www.bazarok.ua/ru/obyavleniya/prodazh-dilianka-pid-zhytlovu-zabudovu-buchanskyi-bobrytsia-68750-$-2-709573312.html
"продаж 1-к квартира Бучанський, Софіївська Борщагівка, 45000 $",https://www.bazarok.ua/ru/obyavleniya/prodazh-1-k-kvartyra-buchanskyi-sofiivska-borshchahivka-45000-$-22-709573311.html
Продам дитячу коляску,https://www.bazarok.ua/ru/obyavleniya/prodam-dytiachu-koliasku-709573303.html
Сдам приличную 1 комнатную квартиру ЖК Чудо-Город,https://www.bazarok.ua/ru/obyavleniya/sdam-prilichnuiu-1-komnatnuiu-kvartiru-zhk-chudo-gorod-709573310.html
"продаж 1-к квартира Бучанський, Крюківщина, 65000 $",https://www.bazarok.ua/ru/obyavleniya/prodazh-1-k-kvartyra-buchanskyi-kriukivshchyna-65000-$-5-709573309.html
"Сидіння стадіонні пластикові, крісла стадіонні мякі,",https://www.bazarok.ua/ru/obyavleniya/sidinnia-stadionni-plastikovi-krisla-stadionni-miaki-709573307.html
"продаж 4-к квартира Київ, Дніпровський, 45000 $",https://www.bazarok.ua/ru/obyavleniya/prodazh-4-k-kvartyra-kyiv-dniprovskyi-45000-$-5-709573306.html
Продам будинок в селі Чупаховка,https://www.bazarok.ua/ru/obyavleniya/prodam-budinok-v-seli-chupakhovka-709573305.html
Продам будинок в с Чупаховка,https://www.bazarok.ua/ru/obyavleniya/prodam-budinok-v-s-chupakhovka-709573304.html
Продам полдома в Мелитополе,https://www.bazarok.ua/ru/obyavleniya/prodam-poldoma-v-melytopole-709556686.html
Отдам даром двуспальную кровать б/у,https://www.bazarok.ua/ru/obyavleniya/otdam-darom-dvuspalnuiu-krovat-b-u-709573302.html
"продаж виробничі приміщення Вишгородський, Вишгород, 1200000 $",https://www.bazarok.ua/ru/obyavleniya/prodazh-vyrobnychi-prymishchennia-vyshhorodskyi-vyshhorod-1200000-$-4-709573301.html
"довгострокова оренда склади Броварський, Бровари, 517000 грн./міс.",https://www.bazarok.ua/ru/obyavleniya/dovhostrokova-orenda-sklady-brovarskyi-brovary-517000-hrn-mis-4-709573300.html
"продаж виробничі приміщення Полтава, Київський, 7650000 $",https://www.bazarok.ua/ru/obyavleniya/prodazh-vyrobnychi-prymishchennia-poltava-kyivskyi-7650000-$-4-709573299.html
"продаж склади Бучанський, Гостомель, 1400000 $",https://www.bazarok.ua/ru/obyavleniya/prodazh-sklady-buchanskyi-hostomel-1400000-$-4-709573298.html
"продаж виробничі приміщення Кропивницький, Фортечний, 4829294 грн.",https://www.bazarok.ua/ru/obyavleniya/prodazh-vyrobnychi-prymishchennia-kropyvnytskyi-fortechnyi-4829294-hrn-64-709573297.html
"продаж приміщення вільного призначення, будівлі Київ, Голосіївський, 250000 $",https://www.bazarok.ua/ru/obyavleniya/prodazh-prymishchennia-vilnoho-pryznachennia-budivli-kyiv-holosiivskyi-250000-$-4-709573296.html
"продаж об’єкт сфери послуг Черкаси, Придніпровський, 15477629 грн.",https://www.bazarok.ua/ru/obyavleniya/prodazh-ob-iekt-sfery-posluh-cherkasy-prydniprovskyi-15477629-hrn-11-709573295.html
"продаж виробничі приміщення Миколаїв, Інгульський, 4752338 грн.",https://www.bazarok.ua/ru/obyavleniya/prodazh-vyrobnychi-prymishchennia-mykolaiv-inhulskyi-4752338-hrn-64-709573294.html
"продаж ділянка сільськогосподарського призначення Бориспільський, Вороньків, 227884 грн.",https://www.bazarok.ua/ru/obyavleniya/prodazh-dilianka-silskohospodarskoho-pryznachennia-boryspilskyi-voronkiv-227884-hrn-54-709573293.html
"продаж ділянка сільськогосподарського призначення Бориспільський, Вороньків, 168330 грн.",https://www.bazarok.ua/ru/obyavleniya/prodazh-dilianka-silskohospodarskoho-pryznachennia-boryspilskyi-voronkiv-168330-hrn-54-709573292.html
"продаж ділянка сільськогосподарського призначення Бориспільський, Іванків, 2078384 грн.",https://www.bazarok.ua/ru/obyavleniya/prodazh-dilianka-silskohospodarskoho-pryznachennia-boryspilskyi-ivankiv-2078384-hrn-54-709573291.html
"продаж ділянка сільськогосподарського призначення Бориспільський, Іванків, 259811 грн.",https://www.bazarok.ua/ru/obyavleniya/prodazh-dilianka-silskohospodarskoho-pryznachennia-boryspilskyi-ivankiv-259811-hrn-54-709573290.html
"продаж ділянка сільськогосподарського призначення Бориспільський, Вороньків, 2147559 грн.",https://www.bazarok.ua/ru/obyavleniya/prodazh-dilianka-silskohospodarskoho-pryznachennia-boryspilskyi-voronkiv-2147559-hrn-54-709573289.html
"продаж склади Долинський, Долинська, 2445800 грн.",https://www.bazarok.ua/ru/obyavleniya/prodazh-sklady-dolynskyi-dolynska-2445800-hrn-64-709573288.html
"продаж виробничі приміщення Вознесенський, Вознесенськ, 7884800 грн.",https://www.bazarok.ua/ru/obyavleniya/prodazh-vyrobnychi-prymishchennia-voznesenskyi-voznesensk-7884800-hrn-64-709573287.html
Вело колеса 26 28 дюймов двойной обод комплект под трещотку,https://www.bazarok.ua/ru/obyavleniya/velo-kolesa-26-28-diuimov-dvoinoi-obod-komplekt-pod-treshchotku-683368710.html
Вело колеса комплект 24 26 28  дюймов на двойном ободе на усиленной спице 3мм,https://www.bazarok.ua/ru/obyavleniya/velo-kolesa-komplekt-24-26-28-diuimov-na-dvoinom-obode-na-usylennoi-spytse-3mm-683381950.html
Вело Колеса двойной обод 20 24 26 28 29 дюймов на планетарной втулкой NEXUS SG-3C41 (нексус),https://www.bazarok.ua/ru/obyavleniya/velo-kolesa-dvoinoi-obod-20-24-26-28-29-diuimov-na-planetarnoi-vtulkoi-nexus-sg-3c41-neksus-709532309.html
Вело колеса 20 24 26 28 дюймов под дисковый тормоз двойной обод комплект спица усиленная 3мм,https://www.bazarok.ua/ru/obyavleniya/velo-kolesa-20-24-26-28-diuimov-pod-dyskovyi-tormoz-dvoinoi-obod-komplekt-spytsa-usylennaia-3mm-683368157.html
Вело колеса Двойной обод комплект 26 28 - 29 дюймов под трещотку под эксцентрик,https://www.bazarok.ua/ru/obyavleniya/velo-kolesa-dvoinoi-obod-komplekt-26-28-29-diuimov-pod-treshchotku-pod-ekstsentryk-683367766.html
Комплект колес (вилсет) 20 24 26 28 дюймов ALx2 на втулке VELOSTEEL с резиной,https://www.bazarok.ua/ru/obyavleniya/komplekt-koles-vylset-20-24-26-28-diuimov-alx2-na-vtulke-velosteel-s-rezynoi-683355605.html
Вело колеса комплект 20 24 26 28 дюймов на усиленной спице 3мм под дисковый тормоз,https://www.bazarok.ua/ru/obyavleniya/velo-kolesa-komplekt-20-24-26-28-diuimov-na-usylennoi-spytse-3mm-pod-dyskovyi-tormoz-683382326.html
Вело колеса на дорожный велосипед комплект 20.24.26.28 дюймов Спица - Усиленная 3мм,https://www.bazarok.ua/ru/obyavleniya/velo-kolesa-na-dorozhnyi-velosyped-komplekt-20-24-26-28-diuimov-spytsa-usylennaia-3mm-683382112.html
Вело колеса 20.24.26.28 дюймов двойной обод на планетарной втулке 3 скоростей комплект,https://www.bazarok.ua/ru/obyavleniya/velo-kolesa-20-24-26-28-diuimov-dvoinoi-obod-na-planetarnoi-vtulke-3-skorostei-komplekt-683382589.html
Оренда салону краси,https://www.bazarok.ua/ru/obyavleniya/orenda-salonu-krasy-638012723.html
Велосипед дорожный ХВЗ люкс 28 дюймов Украина LUX,https://www.bazarok.ua/ru/obyavleniya/velosyped-dorozhnyi-khvz-liuks-28-diuimov-ukrayna-lux-709571864.html
"Фильтр топливный тонкой очистки на двигатель ISUZU 4HG1, 4HG1-T",https://www.bazarok.ua/ru/obyavleniya/fyltr-toplyvnyi-tonkoi-ochystky-na-dvyhatel-isuzu-4hg1-4hg1-t-706524705.html
"Термостат Богдан А-091, А-092, 4HG1-T/4НЕ1/ 4HG1 /4НК1",https://www.bazarok.ua/ru/obyavleniya/termostat-bohdan-a-091-a-092-4hg1-t-4ne1-4hg1-4nk1-688469618.html
"Крестовина карданного вала  на  ISUZU NQR71/NQR75, Богдан",https://www.bazarok.ua/ru/obyavleniya/krestovyna-kardannoho-vala-na-isuzu-nqr71-nqr75-bohdan-709512151.html
ЭлектроДровоколМорковка,https://www.bazarok.ua/ru/obyavleniya/elektrodrovokolmorkovka-709573267.html
"продаж ділянка комерційного призначення Фастівський, Велика Солтанівка, 81584000 грн.",https://www.bazarok.ua/ru/obyavleniya/prodazh-dilianka-komertsiinoho-pryznachennia-fastivskyi-velyka-soltanivka-81584000-hrn-23-709573266.html
"продаж ділянка сільськогосподарського призначення Бориспільський, Вороньків, 325000 грн.",https://www.bazarok.ua/ru/obyavleniya/prodazh-dilianka-silskohospodarskoho-pryznachennia-boryspilskyi-voronkiv-325000-hrn-3-709573265.html
"продаж ділянка сільськогосподарського призначення Бориспільський, Вороньків, 446000 грн.",https://www.bazarok.ua/ru/obyavleniya/prodazh-dilianka-silskohospodarskoho-pryznachennia-boryspilskyi-voronkiv-446000-hrn-3-709573264.html
"продаж 7-к будинок Лиманський, Фонтанка, 7420132 грн.",https://www.bazarok.ua/ru/obyavleniya/prodazh-7-k-budynok-lymanskyi-fontanka-7420132-hrn-5-709573263.html
"продаж приміщення вільного призначення, будівлі Криворізький, Кривий Ріг, 14697360 грн.",https://www.bazarok.ua/ru/obyavleniya/prodazh-prymishchennia-vilnoho-pryznachennia-budivli-kryvorizkyi-kryvyi-rih-14697360-hrn-6-709573262.html
"продаж приміщення вільного призначення, будівлі Запоріжжя, Дніпровський, 4180164 грн.",https://www.bazarok.ua/ru/obyavleniya/prodazh-prymishchennia-vilnoho-pryznachennia-budivli-zaporizhzhia-dniprovskyi-4180164-hrn-2-709573261.html
"продаж ділянка комерційного призначення Сарненський, Сарни, 644400 грн.",https://www.bazarok.ua/ru/obyavleniya/prodazh-dilianka-komertsiinoho-pryznachennia-sarnenskyi-sarny-644400-hrn-3-709573260.html
"продаж приміщення вільного призначення, будівлі Криворізький, Новопілля, 4503960 грн.",https://www.bazarok.ua/ru/obyavleniya/prodazh-prymishchennia-vilnoho-pryznachennia-budivli-kryvorizkyi-novopillia-4503960-hrn-6-709573258.html
"продаж 3-к квартира Київ, Печерський, 88000 $",https://www.bazarok.ua/ru/obyavleniya/prodazh-3-k-kvartyra-kyiv-pecherskyi-88000-$-2-709573257.html
"довгострокова оренда 4-к будинок Бучанський, Гореничі, 1500 $/міс.",https://www.bazarok.ua/ru/obyavleniya/dovhostrokova-orenda-4-k-budynok-buchanskyi-horenychi-1500-$-mis-709573256.html
Дитячі черевики  Primigi,https://www.bazarok.ua/ru/obyavleniya/dytiachi-cherevyky-primigi-709573255.html
Матрас GRAFIT Silver Edition,https://www.bazarok.ua/ru/obyavleniya/matras-grafit-silver-edition-709573254.html
Купуємо волосся кожного дня по всій Україні від 42см -0935573993,https://www.bazarok.ua/ru/obyavleniya/kupuiemo-volossia-kozhnoho-dnia-po-vsii-ukraini-vid-42sm-0935573993-39-709573251.html
Купуємо волосся кожного дня по всій Україні від 42см -0935573993,https://www.bazarok.ua/ru/obyavleniya/kupuiemo-volossia-kozhnoho-dnia-po-vsii-ukraini-vid-42sm-0935573993-38-709573250.html
"продаж 2-к квартира Київ, Подільський, 120000 $",https://www.bazarok.ua/ru/obyavleniya/prodazh-2-k-kvartyra-kyiv-podilskyi-120000-$-7-709573249.html
"довгострокова оренда 2-к квартира Київ, Солом`янський, 8000 грн./міс.",https://www.bazarok.ua/ru/obyavleniya/dovhostrokova-orenda-2-k-kvartyra-kyiv-solomianskyi-8000-hrn-mis-709573024.html
Корови  продать чернігівська обл,https://www.bazarok.ua/ru/obyavleniya/korovy-prodat-chernihivska-obl-709573247.html
"Догляд за плодовими деревами,виноградом",https://www.bazarok.ua/ru/obyavleniya/dohliad-za-plodovymy-derevamy-vynohradom-709573246.html
Ремонт пральних машин,https://www.bazarok.ua/ru/obyavleniya/remont-pralnykh-mashyn-4-709573245.html
"продаж 3-к квартира Київ, Святошинський, 83000 $",https://www.bazarok.ua/ru/obyavleniya/prodazh-3-k-kvartyra-kyiv-sviatoshynskyi-83000-$-5-709573244.html
"продаж 1-к квартира Бучанський, Вишневе, 45500 $",https://www.bazarok.ua/ru/obyavleniya/prodazh-1-k-kvartyra-buchanskyi-vyshneve-45500-$-8-709573243.html
"продаж 2-к квартира Бучанський, Святопетрівське, 42000 $",https://www.bazarok.ua/ru/obyavleniya/prodazh-2-k-kvartyra-buchanskyi-sviatopetrivske-42000-$-2-709573242.html
"довгострокова оренда 3-к квартира Київ, Голосіївський, 26000 грн./міс.",https://www.bazarok.ua/ru/obyavleniya/dovhostrokova-orenda-3-k-kvartyra-kyiv-holosiivskyi-26000-hrn-mis-6-709573241.html
"продаж 1-к квартира Бучанський, Буча, 55000 $",https://www.bazarok.ua/ru/obyavleniya/prodazh-1-k-kvartyra-buchanskyi-bucha-55000-$-5-709573240.html
"продаж 3-к квартира Київ, Оболонський, 84248 $",https://www.bazarok.ua/ru/obyavleniya/prodazh-3-k-kvartyra-kyiv-obolonskyi-84248-$-709573239.html
"довгострокова оренда 3-к квартира Бучанський, Коцюбинське, 25000 грн./міс.",https://www.bazarok.ua/ru/obyavleniya/dovhostrokova-orenda-3-k-kvartyra-buchanskyi-kotsiubynske-25000-hrn-mis-709573238.html
"продаж 3-к квартира Київ, Дарницький, 186000 $",https://www.bazarok.ua/ru/obyavleniya/prodazh-3-k-kvartyra-kyiv-darnytskyi-186000-$-4-709573237.html
Подшипники куплю,https://www.bazarok.ua/ru/obyavleniya/podshypnyky-kupliu-709573236.html
"продаж 3-к квартира Суми, Ковпаківський, 19000 $",https://www.bazarok.ua/ru/obyavleniya/prodazh-3-k-kvartyra-sumy-kovpakivskyi-19000-$-709573235.html
"довгострокова оренда приміщення вільного призначення, будівлі Бучанський, Ірпінь, 15000 грн./міс.",https://www.bazarok.ua/ru/obyavleniya/dovhostrokova-orenda-prymishchennia-vilnoho-pryznachennia-budivli-buchanskyi-irpin-15000-hrn-mis-3-709573234.html
"довгострокова оренда кімната Київ, Оболонський, 3500 грн./міс.",https://www.bazarok.ua/ru/obyavleniya/dovhostrokova-orenda-kimnata-kyiv-obolonskyi-3500-hrn-mis-14-709573233.html
Сдам 2 ком.ул.Щепкина.,https://www.bazarok.ua/ru/obyavleniya/sdam-2-kom-ul-shchepkyna-709568769.html
"продаж 3-к будинок Фастівський, Тарасівка, 245000 $",https://www.bazarok.ua/ru/obyavleniya/prodazh-3-k-budynok-fastivskyi-tarasivka-245000-$-3-709573232.html
"продаж 2-к квартира Київ, Шевченківський, 105000 $",https://www.bazarok.ua/ru/obyavleniya/prodazh-2-k-kvartyra-kyiv-shevchenkivskyi-105000-$-9-709573231.html
"продаж 3-к квартира Київ, Голосіївський, 118000 $",https://www.bazarok.ua/ru/obyavleniya/prodazh-3-k-kvartyra-kyiv-holosiivskyi-118000-$-3-709573230.html
"продаж 1-к квартира Бучанський, Буча, 28000 $",https://www.bazarok.ua/ru/obyavleniya/prodazh-1-k-kvartyra-buchanskyi-bucha-28000-$-6-709573229.html
Індикатори тиску ИД-1 (ІД-1 ),https://www.bazarok.ua/ru/obyavleniya/indykatory-tysku-yd-1-id-1-709573414.html
Ікона вишита бісером ручної роботи св. блаженна Матрона Handmade,https://www.bazarok.ua/ru/obyavleniya/ikona-vyshyta-biserom-ruchnoi-roboty-sv-blazhenna-matrona-handmade-709540563.html
Кожаная структурированная сумка среднего размера,https://www.bazarok.ua/ru/obyavleniya/kozhanaia-strukturyrovannaia-sumka-sredneho-razmera-709498023.html
Красное вечернее выпускное платье с золотистой накидкой,https://www.bazarok.ua/ru/obyavleniya/krasnoe-vechernee-vypusknoe-plate-s-zolotystoi-nakydkoi-707428296.html
Рубашка горчичного цвета Paul Smith,https://www.bazarok.ua/ru/obyavleniya/rubashka-horchychnoho-tsveta-paul-smith-661091911.html
Сині перламутрові блискучі балетки туфлі човники Gino Rossi,https://www.bazarok.ua/ru/obyavleniya/syni-perlamutrovi-blyskuchi-baletky-tufli-chovnyky-gino-rossi-709537243.html
Синий мужской костюм тройка,https://www.bazarok.ua/ru/obyavleniya/synyi-muzhskoi-kostium-troika-709560615.html
Синій чоловічий костюм-двійка Giordano Conti,https://www.bazarok.ua/ru/obyavleniya/synii-cholovichyi-kostium-dviika-giordano-conti-699418960.html
Белый вязаный кардиган с поясом ручной работы Handmade,https://www.bazarok.ua/ru/obyavleniya/belyi-viazanyi-kardyhan-s-poiasom-ruchnoi-raboty-handmade-676912572.html
Оренда салону краси,https://www.bazarok.ua/ru/obyavleniya/orenda-salonu-krasy-638012723.html
Белый светлый кардиган из полушерсти ручной работы Handmade,https://www.bazarok.ua/ru/obyavleniya/belyi-svetlyi-kardyhan-yz-polushersty-ruchnoi-raboty-handmade-692194449.html
Коричневая кофейная жилетка жилет кардиган с меховым воротником Handmade,https://www.bazarok.ua/ru/obyavleniya/korychnevaia-kofeinaia-zhyletka-zhylet-kardyhan-s-mekhovym-vorotnykom-handmade-664183327.html
Коричневое светлое мужское осенние пальто,https://www.bazarok.ua/ru/obyavleniya/korychnevoe-svetloe-muzhskoe-osennye-palto-703766726.html
Черное кожаное женское пальто,https://www.bazarok.ua/ru/obyavleniya/chernoe-kozhanoe-zhenskoe-palto-661246968.html
Пальто осіннє рожеве довге,https://www.bazarok.ua/ru/obyavleniya/palto-osinnie-rozheve-dovhe-692194876.html
Красная лыжная зимняя мужская термокуртка,https://www.bazarok.ua/ru/obyavleniya/krasnaia-lyzhnaia-zymniaia-muzhskaia-termokurtka-703229094.html
Черные высокие замшевые сапоги на каблуке Stoalos,https://www.bazarok.ua/ru/obyavleniya/chernye-vysokye-zamshevye-sapohy-na-kabluke-stoalos-704474019.html
Черные замшевые сапоги европейка на танкетке Kelton,https://www.bazarok.ua/ru/obyavleniya/chernye-zamshevye-sapohy-evropeika-na-tanketke-kelton-668141459.html
Черные зимние замшевые сапоги на среднем каблуке б/у,https://www.bazarok.ua/ru/obyavleniya/chernye-zymnye-zamshevye-sapohy-na-srednem-kabluke-b-u-660997830.html
"довгострокова оренда кафе, бар, ресторан Київ, Подільський, 3200 $/міс.",https://www.bazarok.ua/ru/obyavleniya/dovhostrokova-orenda-kafe-bar-restoran-kyiv-podilskyi-3200-$-mis-2-709573411.html
"довгострокова оренда кафе, бар, ресторан Київ, Печерський, 199000 грн./міс.",https://www.bazarok.ua/ru/obyavleniya/dovhostrokova-orenda-kafe-bar-restoran-kyiv-pecherskyi-199000-hrn-mis-2-709573410.html
"довгострокова оренда торгові площі Київ, Печерський, 130000 грн./міс.",https://www.bazarok.ua/ru/obyavleniya/dovhostrokova-orenda-torhovi-ploshchi-kyiv-pecherskyi-130000-hrn-mis-2-709573409.html
"довгострокова оренда кафе, бар, ресторан Київ, Печерський, 6000 $/міс.",https://www.bazarok.ua/ru/obyavleniya/dovhostrokova-orenda-kafe-bar-restoran-kyiv-pecherskyi-6000-$-mis-2-709573408.html
Водій/далекобійник,https://www.bazarok.ua/ru/obyavleniya/vodii-dalekobiinyk-709573407.html
Двигун Пежо партнер,https://www.bazarok.ua/ru/obyavleniya/dvigun-pezho-partner-709573406.html
"Прирезка стекол и зеркал 3-8мм,.Зеркала на АВТО под ЗАКАЗ",https://www.bazarok.ua/ru/obyavleniya/pryrezka-stekol-y-zerkal-3-8mm-zerkala-na-avto-pod-zakaz-709573405.html
"Пленка,Клеенка для теплиц ,парников, на кух .столы 70 грн(РАСПРОДАЖА",https://www.bazarok.ua/ru/obyavleniya/plenka-kleenka-dlia-teplyts-parnykov-na-kukh-stoly-70-hrnrasprodazha-709573404.html
Столик и стул детский от 500 грн,https://www.bazarok.ua/ru/obyavleniya/stolyk-y-stul-detskyi-ot-500-hrn-709573403.html
Солидол смазка времен СССР  40грн,https://www.bazarok.ua/ru/obyavleniya/solydol-smazka-vremen-sssr-40hrn-709573402.html
Тент  водонепроницаемый 7250мм*2900мм -1500грн,https://www.bazarok.ua/ru/obyavleniya/tent-vodonepronytsaemyi-7250mmx2900mm-1500hrn-709573400.html
Продам електросамокат.,https://www.bazarok.ua/ru/obyavleniya/prodam-elektrosamokat-709573399.html
Аквариум 100 л.   1650грн,https://www.bazarok.ua/ru/obyavleniya/akvaryum-100-l-1650hrn-709573398.html
"продаж 1-к квартира Бучанський, Крюківщина, 59000 $",https://www.bazarok.ua/ru/obyavleniya/prodazh-1-k-kvartyra-buchanskyi-kriukivshchyna-59000-$-709573395.html
"довгострокова оренда 2-к квартира Київ, Святошинський, 12000 грн./міс.",https://www.bazarok.ua/ru/obyavleniya/dovhostrokova-orenda-2-k-kvartyra-kyiv-sviatoshynskyi-12000-hrn-mis-31-709573394.html
"продаж 2-к квартира Київ, Подільський, 80000 $",https://www.bazarok.ua/ru/obyavleniya/prodazh-2-k-kvartyra-kyiv-podilskyi-80000-$-11-709573393.html
"продаж 3-к квартира Київ, Печерський, 180000 $",https://www.bazarok.ua/ru/obyavleniya/prodazh-3-k-kvartyra-kyiv-pecherskyi-180000-$-4-709573392.html
Шкафчики с Зеркалом для ванной  от 600 грн,https://www.bazarok.ua/ru/obyavleniya/shkafchyky-s-zerkalom-dlia-vannoi-ot-600-hrn-709573391.html
"продаж 2-к квартира Київ, Подільський, 210000 $",https://www.bazarok.ua/ru/obyavleniya/prodazh-2-k-kvartyra-kyiv-podilskyi-210000-$-6-709573390.html
"продаж 4-к будинок Обухівський, Васильків, 85000 $",https://www.bazarok.ua/ru/obyavleniya/prodazh-4-k-budynok-obukhivskyi-vasylkiv-85000-$-4-709573389.html
"продаж 3-к квартира Бучанський, Софіївська Борщагівка, 125000 $",https://www.bazarok.ua/ru/obyavleniya/prodazh-3-k-kvartyra-buchanskyi-sofiivska-borshchahivka-125000-$-11-709573388.html
"продаж 6-к будинок Броварський, Зазим`я, 320000 $",https://www.bazarok.ua/ru/obyavleniya/prodazh-6-k-budynok-brovarskyi-zazymia-320000-$-2-709573387.html
"довгострокова оренда офісне приміщення Київ, Шевченківський, 2300 $/міс.",https://www.bazarok.ua/ru/obyavleniya/dovhostrokova-orenda-ofisne-prymishchennia-kyiv-shevchenkivskyi-2300-$-mis-3-709573386.html
"довгострокова оренда офісне приміщення Київ, Шевченківський, 2700 $/міс.",https://www.bazarok.ua/ru/obyavleniya/dovhostrokova-orenda-ofisne-prymishchennia-kyiv-shevchenkivskyi-2700-$-mis-3-709573385.html
"продаж 1-к квартира Бучанський, Вишневе, 49000 $",https://www.bazarok.ua/ru/obyavleniya/prodazh-1-k-kvartyra-buchanskyi-vyshneve-49000-$-709572023.html
"Продається дача Романівка 6,22 соток та будинок",https://www.bazarok.ua/ru/obyavleniya/prodaietsia-dacha-romanivka-6-22-sotok-ta-budynok-709573083.html
Фасады МДФ  1500грн,https://www.bazarok.ua/ru/obyavleniya/fasady-mdf-1500grn-709573384.html
"продаж 1-к квартира Київ, Голосіївський, 100000 $",https://www.bazarok.ua/ru/obyavleniya/prodazh-1-k-kvartyra-kyiv-holosiivskyi-100000-$-10-709573380.html
"довгострокова оренда 1-к квартира Бучанський, Білогородка, 8000 грн./міс.",https://www.bazarok.ua/ru/obyavleniya/dovhostrokova-orenda-1-k-kvartyra-buchanskyi-bilohorodka-8000-hrn-mis-709573379.html
Тумба с раковиной,https://www.bazarok.ua/ru/obyavleniya/tumba-s-rakovinoi-709573378.html
Продам зимову резину для повноприводно авто,https://www.bazarok.ua/ru/obyavleniya/prodam-zymovu-rezynu-dlia-povnopryvodno-avto-709573374.html
"Фомка монтажна, лом, гвоздодер",https://www.bazarok.ua/ru/obyavleniya/fomka-montazhna-lom-gvozdoder-709573377.html
"продаж торгові площі Долинський, Долинська, 665700 грн.",https://www.bazarok.ua/ru/obyavleniya/prodazh-torhovi-ploshchi-dolynskyi-dolynska-665700-hrn-65-709573286.html
"продаж кафе, бар, ресторан Луцьк, 12634300 грн.",https://www.bazarok.ua/ru/obyavleniya/prodazh-kafe-bar-restoran-lutsk-12634300-hrn-38-709573285.html
"продаж ділянка сільськогосподарського призначення Житомир, Іванівка, 109500 грн.",https://www.bazarok.ua/ru/obyavleniya/prodazh-dilianka-silskohospodarskoho-pryznachennia-zhytomyr-ivanivka-109500-hrn-36-709573284.html
"продаж приміщення вільного призначення, будівлі Суми, Степанівка, 5168880 грн.",https://www.bazarok.ua/ru/obyavleniya/prodazh-prymishchennia-vilnoho-pryznachennia-budivli-sumy-stepanivka-5168880-hrn-6-709573283.html
Здам офіс 250 м2 в ЖК А52 Січових Стрільців вул. 44А центр Києва,https://www.bazarok.ua/ru/obyavleniya/zdam-ofis-250-m2-v-zhk-a52-sichovykh-striltsiv-vul-44a-tsentr-kyieva-709573282.html
"продаж підземний паркінг Київ, Оболонський, 20500 $",https://www.bazarok.ua/ru/obyavleniya/prodazh-pidzemnyi-parkinh-kyiv-obolonskyi-20500-$-4-709573281.html
"продаж бокс в гаражному комплексі Київ, Подільський, 6800 $",https://www.bazarok.ua/ru/obyavleniya/prodazh-boks-v-harazhnomu-kompleksi-kyiv-podilskyi-6800-$-4-709573280.html
Жк  Польский уголок  Поиск продажника,https://www.bazarok.ua/ru/obyavleniya/zhk-polskii-ugolok-poisk-prodazhnika-709573279.html
"довгострокова оренда приміщення вільного призначення, будівлі Київ, Печерський, 2970 $/міс.",https://www.bazarok.ua/ru/obyavleniya/dovhostrokova-orenda-prymishchennia-vilnoho-pryznachennia-budivli-kyiv-pecherskyi-2970-$-mis-5-709573278.html
Оренда салону краси,https://www.bazarok.ua/ru/obyavleniya/orenda-salonu-krasy-638012723.html
"продаж 3-к квартира Дніпро, Індустріальний, 61000 $",https://www.bazarok.ua/ru/obyavleniya/prodazh-3-k-kvartyra-dnipro-industrialnyi-61000-$-709573277.html
"продаж 1-к квартира Київ, Шевченківський, 20000 $",https://www.bazarok.ua/ru/obyavleniya/prodazh-1-k-kvartyra-kyiv-shevchenkivskyi-20000-$-16-709573276.html
"подобова оренда 8-к будинок Берегівський, Берегове, 300 грн./добу",https://www.bazarok.ua/ru/obyavleniya/podobova-orenda-8-k-budynok-berehivskyi-berehove-300-hrn-dobu-11-709573275.html
"подобова оренда 10-к частина будинку Берегівський, Берегове, 300 грн./добу",https://www.bazarok.ua/ru/obyavleniya/podobova-orenda-10-k-chastyna-budynku-berehivskyi-berehove-300-hrn-dobu-2-709573274.html
"продаж 2-к квартира Луцьк, 43000 $",https://www.bazarok.ua/ru/obyavleniya/prodazh-2-k-kvartyra-lutsk-43000-$-709573273.html
"подобова оренда 6-к будинок Берегівський, Берегове, 200 грн./добу",https://www.bazarok.ua/ru/obyavleniya/podobova-orenda-6-k-budynok-berehivskyi-berehove-200-hrn-dobu-11-709573272.html
"продаж 1-к квартира Київ, Печерський, 65000 $",https://www.bazarok.ua/ru/obyavleniya/prodazh-1-k-kvartyra-kyiv-pecherskyi-65000-$-10-709573271.html
"продаж склади Нововодолазький, Нова Водолага, 5709348 грн.",https://www.bazarok.ua/ru/obyavleniya/prodazh-sklady-novovodolazkyi-nova-vodolaha-5709348-hrn-709573259.html
"продаж 1-к квартира Київ, Дніпровський, 78000 $",https://www.bazarok.ua/ru/obyavleniya/prodazh-1-k-kvartyra-kyiv-dniprovskyi-78000-$-709572238.html
"довгострокова оренда офісне приміщення Київ, Печерський, 2300 $/міс.",https://www.bazarok.ua/ru/obyavleniya/dovhostrokova-orenda-ofisne-prymishchennia-kyiv-pecherskyi-2300-$-mis-709572243.html
"довгострокова оренда офісне приміщення Київ, Печерський, 900 $/міс.",https://www.bazarok.ua/ru/obyavleniya/dovhostrokova-orenda-ofisne-prymishchennia-kyiv-pecherskyi-900-$-mis-709572247.html
Сдам 1 комнатную квартиру студию на Таирова ЖК Академгородок,https://www.bazarok.ua/ru/obyavleniya/sdam-1-komnatnuiu-kvartyru-studyiu-na-tayrova-zhk-akademhorodok-709571003.html
Продам суппорт тормозной  задний на грузовик ISUZU NPR75,https://www.bazarok.ua/ru/obyavleniya/prodam-support-tormoznoi-zadnyi-na-hruzovyk-isuzu-npr75-705493973.html
Разборка грузовиков ISUZU,https://www.bazarok.ua/ru/obyavleniya/razborka-hruzovykov-isuzu-705494853.html
Мотор стеклоподъемника левой двери на ISUZU NQR71,https://www.bazarok.ua/ru/obyavleniya/motor-steklopodemnyka-levoi-dvery-na-isuzu-nqr71-705495577.html
"Двери  на грузовой автомобиль ISUZU NQR71, NPR75, NMR85, NLR85, NQR90",https://www.bazarok.ua/ru/obyavleniya/dvery-na-hruzovoi-avtomobyl-isuzu-nqr71-npr75-nmr85-nlr85-nqr90-705496261.html
"Подшипник вторичного  вала к автобусу Богдан, грузовику ISUZU.",https://www.bazarok.ua/ru/obyavleniya/podshypnyk-vtorychnoho-vala-k-avtobusu-bohdan-hruzovyku-isuzu-705496358.html
Механизм поднятия стекла водительской двери ISUZU NQR71,https://www.bazarok.ua/ru/obyavleniya/mekhanyzm-podniatyia-stekla-vodytelskoi-dvery-isuzu-nqr71-705496105.html
Проводка рамная передняя 4НG1-T на  Богдан/Isuzu/NQR/NPR/NLR,https://www.bazarok.ua/ru/obyavleniya/provodka-ramnaia-peredniaia-4ng1-t-na-bohdan-isuzu-nqr-npr-nlr-709512152.html
"Верхняя крышка КПП  к автобусу Богдан, грузовику ISUZU",https://www.bazarok.ua/ru/obyavleniya/verkhniaia-kryshka-kpp-k-avtobusu-bohdan-hruzovyku-isuzu-705496814.html
"Вал верхней крышки КПП к автобусу Богдан, грузовику ISUZU",https://www.bazarok.ua/ru/obyavleniya/val-verkhnei-kryshky-kpp-k-avtobusu-bohdan-hruzovyku-isuzu-705497944.html
"Тормозные колодки дисковые на автобус Атаман Евро3, Евро4, Евро5, грузовик  ISUZU",https://www.bazarok.ua/ru/obyavleniya/tormoznye-kolodky-dyskovye-na-avtobus-ataman-evro3-evro4-evro5-hruzovyk-isuzu-705576186.html
"Датчик включения стоп сигнала на автобус Богдан, Исузу",https://www.bazarok.ua/ru/obyavleniya/datchyk-vkliuchenyia-stop-syhnala-na-avtobus-bohdan-ysuzu-705929796.html
"Термостат Богдан А-091, А-092, 4HG1-T/4НЕ1/ 4HG1 /4НК1 Isuzu",https://www.bazarok.ua/ru/obyavleniya/termostat-bohdan-a-091-a-092-4hg1-t-4ne1-4hg1-4nk1-isuzu-705493752.html
"Термостат  Богдан, Атаман, ISUZU 4НЕ1/4НК1 Евро3",https://www.bazarok.ua/ru/obyavleniya/termostat-bohdan-ataman-isuzu-4ne1-4nk1-evro3-705489222.html
Фильтр топливный с подкачкой в сборе на грузовик  ISUZU NPR75,https://www.bazarok.ua/ru/obyavleniya/fyltr-toplyvnyi-s-podkachkoi-v-sbore-na-hruzovyk-isuzu-npr75-694517315.html
"Кран уровня пола на автобус БОГДАН,АТАМАН",https://www.bazarok.ua/ru/obyavleniya/kran-urovnia-pola-na-avtobus-bohdan-ataman-688467218.html
Блок кнопок стеклоподьемника на грузовик ISUZU NQR71,https://www.bazarok.ua/ru/obyavleniya/blok-knopok-steklopodemnyka-na-hruzovyk-isuzu-nqr71-688728291.html
Вело колесо заднее на двойном обод на планетарной втулке Shimano 3,https://www.bazarok.ua/ru/obyavleniya/velo-koleso-zadnee-na-dvoinom-obod-na-planetarnoi-vtulke-shimano-3-709568359.html
Планетарная втулка Shimano Nexus Inter-3 Sg-3c41 опт и розница,https://www.bazarok.ua/ru/obyavleniya/planetarnaia-vtulka-shimano-nexus-inter-3-sg-3c41-opt-y-roznytsa-709568612.html
"Рем.комплект рабочего тормозного цилиндра на автобус БОГДАН,АТАМАН, грузовик  ISUZU",https://www.bazarok.ua/ru/obyavleniya/rem-komplekt-rabocheho-tormoznoho-tsylyndra-na-avtobus-bohdan-ataman-hruzovyk-isuzu-706524359.html
"Накладки тормозные BRAKEPOINT на автобус БОГДАН,АТАМАН, грузовик  ISUZU",https://www.bazarok.ua/ru/obyavleniya/nakladky-tormoznye-brakepoint-na-avtobus-bohdan-ataman-hruzovyk-isuzu-706524208.html
Колесо заднее 28 29 дюймов на двойном ободе на втулке velosteel,https://www.bazarok.ua/ru/obyavleniya/koleso-zadnee-28-29-diuimov-na-dvoinom-obode-na-vtulke-velosteel-709572527.html
"Рабочий тормозной цилиндр CZG к автобусам  Богдан , Атаман, Исузу",https://www.bazarok.ua/ru/obyavleniya/rabochyi-tormoznoi-tsylyndr-czg-k-avtobusam-bohdan-ataman-ysuzu-706524332.html
Тормоза ви-брейки полный комплект на два колеса Shimano BR-T4000,https://www.bazarok.ua/ru/obyavleniya/tormoza-vy-breiky-polnyi-komplekt-na-dva-kolesa-shimano-br-t4000-709570149.html
Кассета на 9 скоростей Shimano CS-HG200-9 Опт и розница,https://www.bazarok.ua/ru/obyavleniya/kasseta-na-9-skorostei-shimano-cs-hg200-9-opt-y-roznytsa-709540272.html
"Водяной насос (помпа) GMB к автобусу Богдан, грузовику ISUZU",https://www.bazarok.ua/ru/obyavleniya/vodianoi-nasos-pompa-gmb-k-avtobusu-bohdan-hruzovyku-isuzu-706524406.html
"Подшипник подвесной к  автобусу  Богдан 091,092, грузовику ISUZU",https://www.bazarok.ua/ru/obyavleniya/podshypnyk-podvesnoi-k-avtobusu-bohdan-091-092-hruzovyku-isuzu-706524519.html
Подушка подрессорника задней рессоры на грузовик  ISUZU,https://www.bazarok.ua/ru/obyavleniya/podushka-podressornyka-zadnei-ressory-na-hruzovyk-isuzu-706524583.html
Вело спица усиленная 3мм Опт и розница,https://www.bazarok.ua/ru/obyavleniya/velo-spytsa-usylennaia-3mm-opt-y-roznytsa-709570821.html
Комплект личинок двери и замка зажигания на грузовик ISUZU NQR 71.,https://www.bazarok.ua/ru/obyavleniya/komplekt-lychynok-dvery-y-zamka-zazhyhanyia-na-hruzovyk-isuzu-nqr-71-706524647.html
