"продаж приміщення вільного призначення, будівлі Київ, Оболонський, 150000 $",https://www.bazarok.ua/ru/obyavleniya/prodazh-prymishchennia-vilnoho-pryznachennia-budivli-kyiv-obolonskyi-150000-$-6-709572858.html
"продаж 1-к квартира Київ, Печерський, 85000 $",https://www.bazarok.ua/ru/obyavleniya/prodazh-1-k-kvartyra-kyiv-pecherskyi-85000-$-9-709572857.html
"довгострокова оренда офісна будівля Київ, Солом`янський, 2584 $/міс.",https://www.bazarok.ua/ru/obyavleniya/dovhostrokova-orenda-ofisna-budivlia-kyiv-solomianskyi-2584-$-mis-22-709572856.html
"продаж офісне приміщення Київ, Солом`янський, 330165 $",https://www.bazarok.ua/ru/obyavleniya/prodazh-ofisne-prymishchennia-kyiv-solomianskyi-330165-$-15-709572855.html
"продаж 3-к квартира Київ, Деснянський, 105000 $",https://www.bazarok.ua/ru/obyavleniya/prodazh-3-k-kvartyra-kyiv-desnianskyi-105000-$-11-709572854.html
"продаж 3-к квартира Київ, Печерський, 219999 $",https://www.bazarok.ua/ru/obyavleniya/prodazh-3-k-kvartyra-kyiv-pecherskyi-219999-$-709572853.html
"продаж 1-к квартира Обухівський, Ходосівка, 26000 $",https://www.bazarok.ua/ru/obyavleniya/prodazh-1-k-kvartyra-obukhivskyi-khodosivka-26000-$-2-709572852.html
"продаж 3-к квартира Київ, Шевченківський, 299000 $",https://www.bazarok.ua/ru/obyavleniya/prodazh-3-k-kvartyra-kyiv-shevchenkivskyi-299000-$-5-709572851.html
"продаж 2-к квартира Бучанський, Бородянка, 25000 $",https://www.bazarok.ua/ru/obyavleniya/prodazh-2-k-kvartyra-buchanskyi-borodianka-25000-$-3-709572850.html
Оренда салону краси,https://www.bazarok.ua/ru/obyavleniya/orenda-salonu-krasy-638012723.html
Фітнес клуб Спарта,https://www.bazarok.ua/ru/obyavleniya/fitnes-klub-sparta-643625698.html
"продаж 3-к квартира Київ, Голосіївський, 68900 $",https://www.bazarok.ua/ru/obyavleniya/prodazh-3-k-kvartyra-kyiv-holosiivskyi-68900-$-709572849.html
"продаж 3-к таунхаус Бучанський, Софіївська Борщагівка, 79000 $",https://www.bazarok.ua/ru/obyavleniya/prodazh-3-k-taunkhaus-buchanskyi-sofiivska-borshchahivka-79000-$-709572597.html
"продаж 2-к квартира Київ, Шевченківський, 62500 євро",https://www.bazarok.ua/ru/obyavleniya/prodazh-2-k-kvartyra-kyiv-shevchenkivskyi-62500-ievro-5-709572848.html
"продаж 3-к котедж Бориспільський, Щасливе, 110000 $",https://www.bazarok.ua/ru/obyavleniya/prodazh-3-k-kotedzh-boryspilskyi-shchaslyve-110000-$-21-709572847.html
"продаж 2-к квартира Київ, Деснянський, 54000 $",https://www.bazarok.ua/ru/obyavleniya/prodazh-2-k-kvartyra-kyiv-desnianskyi-54000-$-709572838.html
"продаж 1-к квартира Київ, Святошинський, 27990 $",https://www.bazarok.ua/ru/obyavleniya/prodazh-1-k-kvartyra-kyiv-sviatoshynskyi-27990-$-709572097.html
"продаж 2-к квартира Суми, Зарічний, 56500 $",https://www.bazarok.ua/ru/obyavleniya/prodazh-2-k-kvartyra-sumy-zarichnyi-56500-$-709571749.html
"продаж 1-к квартира Одеса, Приморський, 18500 $",https://www.bazarok.ua/ru/obyavleniya/prodazh-1-k-kvartyra-odesa-prymorskyi-18500-$-5-709572846.html
"продаж 3-к будинок Одеса, Приморський, 43000 $",https://www.bazarok.ua/ru/obyavleniya/prodazh-3-k-budynok-odesa-prymorskyi-43000-$-709572845.html
"довгострокова оренда приміщення вільного призначення, будівлі Одеса, Пересипський, 2500 грн./міс.",https://www.bazarok.ua/ru/obyavleniya/dovhostrokova-orenda-prymishchennia-vilnoho-pryznachennia-budivli-odesa-peresypskyi-2500-hrn-mis-709572844.html
"довгострокова оренда 2-к квартира Київ, Шевченківський, 17000 грн./міс.",https://www.bazarok.ua/ru/obyavleniya/dovhostrokova-orenda-2-k-kvartyra-kyiv-shevchenkivskyi-17000-hrn-mis-14-709572843.html
"продаж 2-к квартира Київ, Шевченківський, 135000 $",https://www.bazarok.ua/ru/obyavleniya/prodazh-2-k-kvartyra-kyiv-shevchenkivskyi-135000-$-8-709572842.html
"продаж 2-к квартира Київ, Подільський, 132000 $",https://www.bazarok.ua/ru/obyavleniya/prodazh-2-k-kvartyra-kyiv-podilskyi-132000-$-8-709572841.html
"продаж 1-к квартира Київ, Оболонський, 50000 $",https://www.bazarok.ua/ru/obyavleniya/prodazh-1-k-kvartyra-kyiv-obolonskyi-50000-$-20-709572840.html
"подобова оренда 2-к квартира Криворізький, Кривий Ріг, 600 грн./добу",https://www.bazarok.ua/ru/obyavleniya/podobova-orenda-2-k-kvartyra-kryvorizkyi-kryvyi-rih-600-hrn-dobu-69-709572839.html
"продаж 4-к квартира Київ, Солом`янський, 194695 $",https://www.bazarok.ua/ru/obyavleniya/prodazh-4-k-kvartyra-kyiv-solomianskyi-194695-$-25-709572837.html
"продаж 2-к квартира Київ, Деснянський, 62000 $",https://www.bazarok.ua/ru/obyavleniya/prodazh-2-k-kvartyra-kyiv-desnianskyi-62000-$-11-709572836.html
"продаж 1-к квартира Київ, Шевченківський, 140000 $",https://www.bazarok.ua/ru/obyavleniya/prodazh-1-k-kvartyra-kyiv-shevchenkivskyi-140000-$-14-709572835.html
"продаж 2-к квартира Київ, Подільський, 130000 $",https://www.bazarok.ua/ru/obyavleniya/prodazh-2-k-kvartyra-kyiv-podilskyi-130000-$-5-709572834.html
"продаж 2-к квартира Білоцерківський, Біла Церква, 41500 $",https://www.bazarok.ua/ru/obyavleniya/prodazh-2-k-kvartyra-bilotserkivskyi-bila-tserkva-41500-$-2-709572833.html
"довгострокова оренда кімната Київ, Солом`янський, 6000 грн./міс.",https://www.bazarok.ua/ru/obyavleniya/dovhostrokova-orenda-kimnata-kyiv-solomianskyi-6000-hrn-mis-5-709572832.html
"довгострокова оренда об’єкт сфери послуг Одеса, Пересипський, 19000 грн./міс.",https://www.bazarok.ua/ru/obyavleniya/dovhostrokova-orenda-ob-iekt-sfery-posluh-odesa-peresypskyi-19000-hrn-mis-709572831.html
"продаж 3-к квартира Одеса, Приморський, 185000 $",https://www.bazarok.ua/ru/obyavleniya/prodazh-3-k-kvartyra-odesa-prymorskyi-185000-$-10-709572830.html
"продаж 5-к будинок Одеса, Пересипський, 83500 $",https://www.bazarok.ua/ru/obyavleniya/prodazh-5-k-budynok-odesa-peresypskyi-83500-$-4-709572829.html
"продаж ділянка під житлову забудову Одеса, Хаджибейський, 87500 $",https://www.bazarok.ua/ru/obyavleniya/prodazh-dilianka-pid-zhytlovu-zabudovu-odesa-khadzhybeiskyi-87500-$-3-709572828.html
"продаж 3-к будинок Одеса, Пересипський, 41500 $",https://www.bazarok.ua/ru/obyavleniya/prodazh-3-k-budynok-odesa-peresypskyi-41500-$-2-709572827.html
"продаж 3-к будинок Одеса, Пересипський, 115000 $",https://www.bazarok.ua/ru/obyavleniya/prodazh-3-k-budynok-odesa-peresypskyi-115000-$-3-709572826.html
"продаж 2-к частина будинку Одеса, Пересипський, 23500 $",https://www.bazarok.ua/ru/obyavleniya/prodazh-2-k-chastyna-budynku-odesa-peresypskyi-23500-$-4-709572825.html
"продаж 5-к будинок Одеса, Хаджибейський, 185000 $",https://www.bazarok.ua/ru/obyavleniya/prodazh-5-k-budynok-odesa-khadzhybeiskyi-185000-$-3-709572824.html
"продаж 2-к квартира Одеса, Приморський, 29500 $",https://www.bazarok.ua/ru/obyavleniya/prodazh-2-k-kvartyra-odesa-prymorskyi-29500-$-6-709572823.html
"довгострокова оренда 4-к таунхаус Київ, Солом`янський, 1060 $/міс.",https://www.bazarok.ua/ru/obyavleniya/dovhostrokova-orenda-4-k-taunkhaus-kyiv-solomianskyi-1060-$-mis-709571091.html
Продам документи,https://www.bazarok.ua/ru/obyavleniya/prodam-dokumenty-709572822.html
"продаж 3-к квартира Дніпро, Індустріальний, 53000 $",https://www.bazarok.ua/ru/obyavleniya/prodazh-3-k-kvartyra-dnipro-industrialnyi-53000-$-709572821.html
"продаж ділянка сільськогосподарського призначення Житомир, Богунський, 30000 грн.",https://www.bazarok.ua/ru/obyavleniya/prodazh-dilianka-silskohospodarskoho-pryznachennia-zhytomyr-bohunskyi-30000-hrn-5-709572820.html
"продаж 4-к будинок Бучанський, Стоянка, 130000 $",https://www.bazarok.ua/ru/obyavleniya/prodazh-4-k-budynok-buchanskyi-stoianka-130000-$-4-709572819.html
"продаж 1-к квартира Київ, Дарницький, 60000 $",https://www.bazarok.ua/ru/obyavleniya/prodazh-1-k-kvartyra-kyiv-darnytskyi-60000-$-30-709572818.html
"продаж 3-к квартира Київ, Солом`янський, 99000 $",https://www.bazarok.ua/ru/obyavleniya/prodazh-3-k-kvartyra-kyiv-solomianskyi-99000-$-7-709572817.html
"продаж 2-к квартира Київ, Шевченківський, 124400 $",https://www.bazarok.ua/ru/obyavleniya/prodazh-2-k-kvartyra-kyiv-shevchenkivskyi-124400-$-2-709572816.html
"продаж 1-к квартира Київ, Дарницький, 62000 $",https://www.bazarok.ua/ru/obyavleniya/prodazh-1-k-kvartyra-kyiv-darnytskyi-62000-$-20-709572815.html
"продаж 1-к квартира Київ, Дніпровський, 53000 $",https://www.bazarok.ua/ru/obyavleniya/prodazh-1-k-kvartyra-kyiv-dniprovskyi-53000-$-15-709572814.html
Колонка газова турбована,https://www.bazarok.ua/ru/obyavleniya/kolonka-hazova-turbovana-709572769.html
"продаж 2-к квартира Київ, Дарницький, 115000 $",https://www.bazarok.ua/ru/obyavleniya/prodazh-2-k-kvartyra-kyiv-darnytskyi-115000-$-709572079.html
"довгострокова оренда 1-к квартира Київ, Голосіївський, 15000 грн./міс.",https://www.bazarok.ua/ru/obyavleniya/dovhostrokova-orenda-1-k-kvartyra-kyiv-holosiivskyi-15000-hrn-mis-709571682.html
Аварійне відновлення освітлення,https://www.bazarok.ua/ru/obyavleniya/avariine-vidnovlennia-osvitlennia-680780481.html
Проведення ремонтного електромонтажу,https://www.bazarok.ua/ru/obyavleniya/provedennia-remontnoho-elektromontazhu-709571900.html
Встановлення ПЗВ та автоматів,https://www.bazarok.ua/ru/obyavleniya/vstanovlennia-pzv-ta-avtomativ-680782045.html
Заміна пробок на автомати та ПЗВ,https://www.bazarok.ua/ru/obyavleniya/zamina-probok-na-avtomaty-ta-pzv-709571901.html
Монтаж подвійної внутрішньої розетки,https://www.bazarok.ua/ru/obyavleniya/montazh-podviinoi-vnutrishnoi-rozetky-709571902.html
Монтаж подвійної внутрішньої євро-розетки,https://www.bazarok.ua/ru/obyavleniya/montazh-podviinoi-vnutrishnoi-ievro-rozetky-709571898.html
Монтаж реле напруги,https://www.bazarok.ua/ru/obyavleniya/montazh-rele-napruhy-680782311.html
Телевізор HITACHI,https://www.bazarok.ua/ru/obyavleniya/televizor-hitachi-709572768.html
"довгострокова оренда торгові площі Київ, Шевченківський, 1600 $/міс.",https://www.bazarok.ua/ru/obyavleniya/dovhostrokova-orenda-torhovi-ploshchi-kyiv-shevchenkivskyi-1600-$-mis-20-709572767.html
"продаж 3-к квартира Київ, Шевченківський, 69000 $",https://www.bazarok.ua/ru/obyavleniya/prodazh-3-k-kvartyra-kyiv-shevchenkivskyi-69000-$-7-709572766.html
"продаж 2-к квартира Київ, Оболонський, 47000 $",https://www.bazarok.ua/ru/obyavleniya/prodazh-2-k-kvartyra-kyiv-obolonskyi-47000-$-6-709572765.html
"продаж 10-к будинок Хустський, Хуст, 150000 $",https://www.bazarok.ua/ru/obyavleniya/prodazh-10-k-budynok-khustskyi-khust-150000-$-30-709572764.html
"довгострокова оренда торгові площі Київ, Подільський, 50625 грн./міс.",https://www.bazarok.ua/ru/obyavleniya/dovhostrokova-orenda-torhovi-ploshchi-kyiv-podilskyi-50625-hrn-mis-12-709572763.html
"продаж 3-к квартира Київ, Печерський, 300000 $",https://www.bazarok.ua/ru/obyavleniya/prodazh-3-k-kvartyra-kyiv-pecherskyi-300000-$-15-709572762.html
"продаж 2-к квартира Київ, Подільський, 58000 $",https://www.bazarok.ua/ru/obyavleniya/prodazh-2-k-kvartyra-kyiv-podilskyi-58000-$-14-709572761.html
Оренда 2-х кімнатної квартири Люблинець,https://www.bazarok.ua/ru/obyavleniya/orenda-2-kh-kimnatnoi-kvartyry-liublynets-709572759.html
"довгострокова оренда офісна будівля Хмельницький, 19950 грн./міс.",https://www.bazarok.ua/ru/obyavleniya/dovhostrokova-orenda-ofisna-budivlia-khmelnytskyi-19950-hrn-mis-709571018.html
"довгострокова оренда офісне приміщення Хмельницький, 90000 грн./міс.",https://www.bazarok.ua/ru/obyavleniya/dovhostrokova-orenda-ofisne-prymishchennia-khmelnytskyi-90000-hrn-mis-2-709572758.html
"продаж 4-к квартира Київ, Дарницький, 81900 $",https://www.bazarok.ua/ru/obyavleniya/prodazh-4-k-kvartyra-kyiv-darnytskyi-81900-$-4-709572757.html
Перепустка до гуртожитку,https://www.bazarok.ua/ru/obyavleniya/perepustka-do-hurtozhytku-709572756.html
"довгострокова оренда кімната Київ, Деснянський, 5499 грн./міс.",https://www.bazarok.ua/ru/obyavleniya/dovhostrokova-orenda-kimnata-kyiv-desnianskyi-5499-hrn-mis-709572754.html
Кросовки New Balance 608,https://www.bazarok.ua/ru/obyavleniya/krosovki-new-balance-608-709572753.html
"Аренда БИОтуалетов от 1 дня. Днепр Новомосковск Каменское, мойка кабин. Выгодно",https://www.bazarok.ua/ru/obyavleniya/arenda-byotualetov-ot-1-dnia-dnepr-novomoskovsk-kamenskoe-moika-kabyn-vyhodno-709487470.html
"Выкачка туалетов, канализации, откачка выгребных помойных ям. Днепр, пригород",https://www.bazarok.ua/ru/obyavleniya/vykachka-tualetov-kanalyzatsyy-otkachka-vyhrebnykh-pomoinykh-iam-dnepr-pryhorod-709487476.html
Чистка канализации. ПроЧистка всех видов труб 100% Видеодиагностика,https://www.bazarok.ua/ru/obyavleniya/chystka-kanalyzatsyy-prochystka-vsekh-vydov-trub-100percent-vydeodyahnostyka-709487471.html
"Выкачка ям Ассенизатором - Илососом до 4-17 м3, откачка туалетов канализации Днепр",https://www.bazarok.ua/ru/obyavleniya/vykachka-iam-assenyzatorom-ylososom-do-4-17-m3-otkachka-tualetov-kanalyzatsyy-dnepr-709487469.html
"Аренда БИОтуалетов, прокат БИОтуалетных кабин Днепр Новомосковск",https://www.bazarok.ua/ru/obyavleniya/arenda-byotualetov-prokat-byotualetnykh-kabyn-dnepr-novomoskovsk-709487475.html
"Выкачка ям Илососом. Чистка труб, туалетов. Каменское, Новомосковск, Днепр НДС, безнал",https://www.bazarok.ua/ru/obyavleniya/vykachka-iam-ylososom-chystka-trub-tualetov-kamenskoe-novomoskovsk-dnepr-nds-beznal-709487473.html
"Выкачка выгребных ям. Ассенизатор Днепр. Откачать туалет, биотуалет, канализацию",https://www.bazarok.ua/ru/obyavleniya/vykachka-vyhrebnykh-iam-assenyzator-dnepr-otkachat-tualet-byotualet-kanalyzatsyiu-616066389.html
Чистка сливных ям Илососом. Ручная докопка дна Прочистка труб канализации Dp,https://www.bazarok.ua/ru/obyavleniya/chystka-slyvnykh-iam-ylososom-ruchnaia-dokopka-dna-prochystka-trub-kanalyzatsyy-dp-616066518.html
"Аренда БИОтуалетов. Обслуживание, перевозка выкачка мойка кабин",https://www.bazarok.ua/ru/obyavleniya/arenda-byotualetov-obsluzhyvanye-perevozka-vykachka-moika-kabyn-611905549.html
"Аренда биотуалетов. Обслуживание, перевозка кабин 0962024855",https://www.bazarok.ua/ru/obyavleniya/arenda-byotualetov-obsluzhyvanye-perevozka-kabyn-0962024855-616065706.html
Выкачка выгребных ям. Чистка сливных ям Прочистка труб+Видеоинспекция,https://www.bazarok.ua/ru/obyavleniya/vykachka-vyhrebnykh-iam-chystka-slyvnykh-iam-prochystka-trub+vydeoynspektsyia-616577737.html
Сдается студия в Натании,https://www.bazarok.ua/ru/obyavleniya/sdaetsia-studyia-v-natanyy-709572750.html
Сдается студия в центре Герцлии,https://www.bazarok.ua/ru/obyavleniya/sdaetsia-studyia-v-tsentre-hertslyy-709572749.html
Сдается 3х комнатная квартира в центре Герцлии,https://www.bazarok.ua/ru/obyavleniya/sdaetsia-3kh-komnatnaia-kvartyra-v-tsentre-hertslyy-709572748.html
"продаж 3-к квартира Київ, Печерський, 230000 $",https://www.bazarok.ua/ru/obyavleniya/prodazh-3-k-kvartyra-kyiv-pecherskyi-230000-$-2-709572747.html
"продаж офісна будівля Київ, Солом`янський, 390000 $",https://www.bazarok.ua/ru/obyavleniya/prodazh-ofisna-budivlia-kyiv-solomianskyi-390000-$-19-709572746.html
"продаж офісне приміщення Київ, Солом`янський, 390000 $",https://www.bazarok.ua/ru/obyavleniya/prodazh-ofisne-prymishchennia-kyiv-solomianskyi-390000-$-19-709572745.html
"продаж окремий гараж Київ, Солом`янський, 12000 грн.",https://www.bazarok.ua/ru/obyavleniya/prodazh-okremyi-harazh-kyiv-solomianskyi-12000-hrn-709572744.html
"продаж 3-к квартира Київ, Оболонський, 292000 $",https://www.bazarok.ua/ru/obyavleniya/prodazh-3-k-kvartyra-kyiv-obolonskyi-292000-$-709572743.html
"довгострокова оренда 2-к квартира Київ, Голосіївський, 30000 грн./міс.",https://www.bazarok.ua/ru/obyavleniya/dovhostrokova-orenda-2-k-kvartyra-kyiv-holosiivskyi-30000-hrn-mis-8-709572742.html
"продаж 1-к квартира Одеса, Приморський, 37000 $",https://www.bazarok.ua/ru/obyavleniya/prodazh-1-k-kvartyra-odesa-prymorskyi-37000-$-3-709572741.html
"довгострокова оренда 3-к квартира Київ, Солом`янський, 13000 грн./міс.",https://www.bazarok.ua/ru/obyavleniya/dovhostrokova-orenda-3-k-kvartyra-kyiv-solomianskyi-13000-hrn-mis-10-709572740.html
"подобова оренда 5-к котедж Броварський, Зазим`я, 10000 грн./добу",https://www.bazarok.ua/ru/obyavleniya/podobova-orenda-5-k-kotedzh-brovarskyi-zazymia-10000-hrn-dobu-16-709572739.html
"довгострокова оренда 1-к квартира Київ, Подільський, 18500 грн./міс.",https://www.bazarok.ua/ru/obyavleniya/dovhostrokova-orenda-1-k-kvartyra-kyiv-podilskyi-18500-hrn-mis-6-709572738.html
"довгострокова оренда кімната Київ, Деснянський, 5500 грн./міс.",https://www.bazarok.ua/ru/obyavleniya/dovhostrokova-orenda-kimnata-kyiv-desnianskyi-5500-hrn-mis-6-709572737.html
"DATAKOM DVF-0103 Вольтметр-частотомір, 3 фази, 72x72мм",https://www.bazarok.ua/ru/obyavleniya/datakom-dvf-0103-voltmetr-chastotomir-3-fazy-72x72mm-623749306.html
"DATAKOM DPR-03 Контролер захисту по напрузі, 260-520В (Фаза-Фаза)",https://www.bazarok.ua/ru/obyavleniya/datakom-dpr-03-kontroler-zakhystu-po-napruzi-260-520v-faza-faza-623762477.html
Настройка Smart TV в Харькове,https://www.bazarok.ua/ru/obyavleniya/nastroika-smart-tv-v-kharkove-709557267.html
Женский халат с рисунком Pink Genius (16125) (арт. 1596),https://www.bazarok.ua/ru/obyavleniya/zhenskyi-khalat-s-rysunkom-pink-genius-16125-art-1596-709562217.html
Женский домашний халат Felina (12043) (арт. 1224),https://www.bazarok.ua/ru/obyavleniya/zhenskyi-domashnyi-khalat-felina-12043-art-1224-709499820.html
Женский халат из коллекции Black Panters (60065) (арт. 1347),https://www.bazarok.ua/ru/obyavleniya/zhenskyi-khalat-yz-kollektsyy-black-panters-60065-art-1347-708964539.html
Женский велюровый халат из коллекции Lakshmi (50746) (арт. 1472),https://www.bazarok.ua/ru/obyavleniya/zhenskyi-veliurovyi-khalat-yz-kollektsyy-lakshmi-50746-art-1472-694676356.html
Женский халат из вискозной ткани Euphoria (арт. 542),https://www.bazarok.ua/ru/obyavleniya/zhenskyi-khalat-yz-vyskoznoi-tkany-euphoria-art-542-629714430.html
Женская ночная сорочка с рисунком Goldi (арт. 1418),https://www.bazarok.ua/ru/obyavleniya/zhenskaia-nochnaia-sorochka-s-rysunkom-goldi-art-1418-709562203.html
Женская ночная сорочка с коротким рукавом Merlin (60768) (арт. 1364),https://www.bazarok.ua/ru/obyavleniya/zhenskaia-nochnaia-sorochka-s-korotkym-rukavom-merlin-60768-art-1364-709562200.html
Женская сорочка на широкой бретели Merlin (60768) (арт. 1362),https://www.bazarok.ua/ru/obyavleniya/zhenskaia-sorochka-na-shyrokoi-bretely-merlin-60768-art-1362-709562198.html
Женская ночная сорочка с кружевом La Nuit (арт. 1616),https://www.bazarok.ua/ru/obyavleniya/zhenskaia-nochnaia-sorochka-s-kruzhevom-la-nuit-art-1616-709545113.html
Ночная сорочка на тонкой бретели Margaret (60024) (арт. 1348),https://www.bazarok.ua/ru/obyavleniya/nochnaia-sorochka-na-tonkoi-bretely-margaret-60024-art-1348-709541636.html
Женская ночная сорочка на тонкой бретели Lana (16106) (арт. 1571),https://www.bazarok.ua/ru/obyavleniya/zhenskaia-nochnaia-sorochka-na-tonkoi-bretely-lana-16106-art-1571-709537891.html
Домашняя ночная женская сорочка для отдыха Felina (12043) (арт. 1398),https://www.bazarok.ua/ru/obyavleniya/domashniaia-nochnaia-zhenskaia-sorochka-dlia-otdykha-felina-12043-art-1398-709499819.html
Женская ночная сорочка для сна Felina (12043) (арт. 1335),https://www.bazarok.ua/ru/obyavleniya/zhenskaia-nochnaia-sorochka-dlia-sna-felina-12043-art-1335-709499817.html
Женская ночная сорочка в горох из коллекции Cassandra (16505) (арт. 1574),https://www.bazarok.ua/ru/obyavleniya/zhenskaia-nochnaia-sorochka-v-horokh-yz-kollektsyy-cassandra-16505-art-1574-708963186.html
Женская ночная сорочка с белым кружевом Cassandra (16505) (арт. 1577),https://www.bazarok.ua/ru/obyavleniya/zhenskaia-nochnaia-sorochka-s-belym-kruzhevom-cassandra-16505-art-1577-708964116.html
Женская cорочка для сна Wild (16045) (арт. 1405),https://www.bazarok.ua/ru/obyavleniya/zhenskaia-corochka-dlia-sna-wild-16045-art-1405-707987085.html
Ночная сорочка на тонких бретелях Cassandra (16505) (арт. 1571),https://www.bazarok.ua/ru/obyavleniya/nochnaia-sorochka-na-tonkykh-breteliakh-cassandra-16505-art-1571-708959473.html
Женская ночная сорочка для отдыха Cassandra (16504) (арт. 1571),https://www.bazarok.ua/ru/obyavleniya/zhenskaia-nochnaia-sorochka-dlia-otdykha-cassandra-16504-art-1571-708959090.html
Ночная женская сорочка на широкой бретели Cassandra (16504) (арт. 1445),https://www.bazarok.ua/ru/obyavleniya/nochnaia-zhenskaia-sorochka-na-shyrokoi-bretely-cassandra-16504-art-1445-708958643.html
Женская ночная сорочка с коротким рукавом Cassandra (16507) (арт. 1230),https://www.bazarok.ua/ru/obyavleniya/zhenskaia-nochnaia-sorochka-s-korotkym-rukavom-cassandra-16507-art-1230-708958302.html
Женская ночная сорочка на тонкой бретели Melani (16064) (арт. 1556),https://www.bazarok.ua/ru/obyavleniya/zhenskaia-nochnaia-sorochka-na-tonkoi-bretely-melani-16064-art-1556-706104493.html
Женская ночная сорочка на тонкой бретели Mia (16018) (арт. 1556),https://www.bazarok.ua/ru/obyavleniya/zhenskaia-nochnaia-sorochka-na-tonkoi-bretely-mia-16018-art-1556-706012072.html
Женская ночнушка на тонкой бретели Margaret (60025) (арт. 1435),https://www.bazarok.ua/ru/obyavleniya/zhenskaia-nochnushka-na-tonkoi-bretely-margaret-60025-art-1435-706011716.html
Женская ночная сорочка на тонкой бретели (16055) (арт. 1556),https://www.bazarok.ua/ru/obyavleniya/zhenskaia-nochnaia-sorochka-na-tonkoi-bretely-16055-art-1556-706011422.html
Ночнушка на тонкой бретели с цветочным принтом Janetta (16051) (арт. 1556),https://www.bazarok.ua/ru/obyavleniya/nochnushka-na-tonkoi-bretely-s-tsvetochnym-pryntom-janetta-16051-art-1556-706011154.html
Женская ночнушка на тонкой бретели с рисунком Janetta (16051) (арт. 1175),https://www.bazarok.ua/ru/obyavleniya/zhenskaia-nochnushka-na-tonkoi-bretely-s-rysunkom-janetta-16051-art-1175-706010240.html
Женская ночная сорочка с коротким рукавом Janetta (16051) (арт. 1174),https://www.bazarok.ua/ru/obyavleniya/zhenskaia-nochnaia-sorochka-s-korotkym-rukavom-janetta-16051-art-1174-706009976.html
Женская ночная сорочка с рисунком Janetta (16055) (арт. 1396),https://www.bazarok.ua/ru/obyavleniya/zhenskaia-nochnaia-sorochka-s-rysunkom-janetta-16055-art-1396-706009580.html
Женская ночная сорочка Mont Blank (30011) (арт. 1419),https://www.bazarok.ua/ru/obyavleniya/zhenskaia-nochnaia-sorochka-mont-blank-30011-art-1419-699266669.html
Ночная сорочка с коротким рукавом из коллекции Latte (60491) (арт. 1335),https://www.bazarok.ua/ru/obyavleniya/nochnaia-sorochka-s-korotkym-rukavom-yz-kollektsyy-latte-60491-art-1335-694676164.html
Домашнее женское платье с цветочным принтом Paradise (арт. 712),https://www.bazarok.ua/ru/obyavleniya/domashnee-zhenskoe-plate-s-tsvetochnym-pryntom-paradise-art-712-628681193.html
Домашний сарафан Felicity (арт. 594),https://www.bazarok.ua/ru/obyavleniya/domashnyi-sarafan-felicity-art-594-629136996.html
Женское платье для дома и прогулок Enigma (арт. 668),https://www.bazarok.ua/ru/obyavleniya/zhenskoe-plate-dlia-doma-y-prohulok-enigma-art-668-628680903.html
Ночная сорочка с коротким рукавом Little Heart (арт. 1403),https://www.bazarok.ua/ru/obyavleniya/nochnaia-sorochka-s-korotkym-rukavom-little-heart-art-1403-690887326.html
Ночная сорочка с короткими рукавами Aurelia (16105) (арт. 1370),https://www.bazarok.ua/ru/obyavleniya/nochnaia-sorochka-s-korotkymy-rukavamy-aurelia-16105-art-1370-690887249.html
Ночная сорочка с коротким рукавом из коллекции Aurelia (16105) (арт. 1369),https://www.bazarok.ua/ru/obyavleniya/nochnaia-sorochka-s-korotkym-rukavom-yz-kollektsyy-aurelia-16105-art-1369-690887116.html
"довгострокова оренда 3-к квартира Київ, Печерський, 42000 грн./міс.",https://www.bazarok.ua/ru/obyavleniya/dovhostrokova-orenda-3-k-kvartyra-kyiv-pecherskyi-42000-hrn-mis-709572038.html
"довгострокова оренда кафе, бар, ресторан Київ, Шевченківський, 213600 грн./міс.",https://www.bazarok.ua/ru/obyavleniya/dovhostrokova-orenda-kafe-bar-restoran-kyiv-shevchenkivskyi-213600-hrn-mis-709572040.html
"довгострокова оренда 4-к квартира Київ, Шевченківський, 1100 $/міс.",https://www.bazarok.ua/ru/obyavleniya/dovhostrokova-orenda-4-k-kvartyra-kyiv-shevchenkivskyi-1100-$-mis-709572037.html
"продаж приміщення вільного призначення, будівлі Київ, Дніпровський, 72916497 грн.",https://www.bazarok.ua/ru/obyavleniya/prodazh-prymishchennia-vilnoho-pryznachennia-budivli-kyiv-dniprovskyi-72916497-hrn-709572772.html
"продаж 3-к квартира Луцьк, 58000 $",https://www.bazarok.ua/ru/obyavleniya/prodazh-3-k-kvartyra-lutsk-58000-$-709572771.html
"продаж приміщення вільного призначення, будівлі Київ, Деснянський, 36054300 грн.",https://www.bazarok.ua/ru/obyavleniya/prodazh-prymishchennia-vilnoho-pryznachennia-budivli-kyiv-desnianskyi-36054300-hrn-2-709572770.html
"продаж 4-к будинок Бориспільський, Гора, 350000 $",https://www.bazarok.ua/ru/obyavleniya/prodazh-4-k-budynok-boryspilskyi-hora-350000-$-709571184.html
"продаж 1-к квартира Київ, Дарницький, 106000 $",https://www.bazarok.ua/ru/obyavleniya/prodazh-1-k-kvartyra-kyiv-darnytskyi-106000-$-709571185.html
"довгострокова оренда 4-к будинок Бориспільський, Гора, 65000 грн./міс.",https://www.bazarok.ua/ru/obyavleniya/dovhostrokova-orenda-4-k-budynok-boryspilskyi-hora-65000-hrn-mis-709571835.html
"продаж ділянка сільськогосподарського призначення Бориспільський, Чубинське, 19900 $",https://www.bazarok.ua/ru/obyavleniya/prodazh-dilianka-silskohospodarskoho-pryznachennia-boryspilskyi-chubynske-19900-$-709571027.html
"продаж 5-к таунхаус Бориспільський, Щасливе, 135500 $",https://www.bazarok.ua/ru/obyavleniya/prodazh-5-k-taunkhaus-boryspilskyi-shchaslyve-135500-$-709571032.html
"довгострокова оренда 8-к котедж Бориспільський, Вишеньки, 100000 грн./міс.",https://www.bazarok.ua/ru/obyavleniya/dovhostrokova-orenda-8-k-kotedzh-boryspilskyi-vyshenky-100000-hrn-mis-29-709572813.html
"довгострокова оренда 2-к квартира Київ, Дарницький, 14000 грн./міс.",https://www.bazarok.ua/ru/obyavleniya/dovhostrokova-orenda-2-k-kvartyra-kyiv-darnytskyi-14000-hrn-mis-35-709572812.html
"продаж 4-к квартира Київ, Дніпровський, 400000 $",https://www.bazarok.ua/ru/obyavleniya/prodazh-4-k-kvartyra-kyiv-dniprovskyi-400000-$-4-709572811.html
"продаж 2-к квартира Одеса, Пересипський, 52000 $",https://www.bazarok.ua/ru/obyavleniya/prodazh-2-k-kvartyra-odesa-peresypskyi-52000-$-709572810.html
"продаж 1-к квартира Київ, Святошинський, 42000 $",https://www.bazarok.ua/ru/obyavleniya/prodazh-1-k-kvartyra-kyiv-sviatoshynskyi-42000-$-15-709572809.html
"продаж 1-к квартира Київ, Оболонський, 65000 $",https://www.bazarok.ua/ru/obyavleniya/prodazh-1-k-kvartyra-kyiv-obolonskyi-65000-$-15-709572808.html
"продаж 1-к квартира Київ, Солом`янський, 52000 $",https://www.bazarok.ua/ru/obyavleniya/prodazh-1-k-kvartyra-kyiv-solomianskyi-52000-$-18-709572807.html
"продаж кімната Київ, Деснянський, 13000 $",https://www.bazarok.ua/ru/obyavleniya/prodazh-kimnata-kyiv-desnianskyi-13000-$-14-709572806.html
"продаж 2-к квартира Бучанський, Крюківщина, 50000 $",https://www.bazarok.ua/ru/obyavleniya/prodazh-2-k-kvartyra-buchanskyi-kriukivshchyna-50000-$-10-709572805.html
"продаж 4-к будинок Бучанський, Софіївська Борщагівка, 117000 $",https://www.bazarok.ua/ru/obyavleniya/prodazh-4-k-budynok-buchanskyi-sofiivska-borshchahivka-117000-$-5-709572804.html
"продаж 2-к квартира Київ, Подільський, 92000 $",https://www.bazarok.ua/ru/obyavleniya/prodazh-2-k-kvartyra-kyiv-podilskyi-92000-$-8-709572803.html
"довгострокова оренда 1-к будинок Дніпро, Шевченківський, 8000 грн./міс.",https://www.bazarok.ua/ru/obyavleniya/dovhostrokova-orenda-1-k-budynok-dnipro-shevchenkivskyi-8000-hrn-mis-709572802.html
Ботиночки демисезонные на танкетке р.39 замшевые,https://www.bazarok.ua/ru/obyavleniya/botynochky-demysezonnye-na-tanketke-r-39-zamshevye-709571144.html
Сапоги зимние на танкетке,https://www.bazarok.ua/ru/obyavleniya/sapogi-zimnie-na-tanketke-709572801.html
Продам кафель голубой и белый.,https://www.bazarok.ua/ru/obyavleniya/prodam-kafel-holuboi-y-belyi-709559417.html
Женские босоножки туфли. Муж. туфли.,https://www.bazarok.ua/ru/obyavleniya/zhenskye-bosonozhky-tufly-muzh-tufly-709558947.html
 Монета год лошади. Материнство. Серебро 925  на подарок. ,https://www.bazarok.ua/ru/obyavleniya/moneta-hod-loshady-materynstvo-serebro-925-na-podarok-699596675.html
 Доставка груза. Другие перевозки.  Днепр.,https://www.bazarok.ua/ru/obyavleniya/dostavka-hruza-druhye-perevozky-dnepr-709486418.html
Установка метало пласт. окон. Замер. Регулировка.  Демонтаж. Заказ.,https://www.bazarok.ua/ru/obyavleniya/ustanovka-metalo-plast-okon-zamer-rehulyrovka-demontazh-zakaz-697794430.html
Приму в дар компьютерные комплектующие буду благодарен.,https://www.bazarok.ua/ru/obyavleniya/prymu-v-dar-kompiuternye-komplektuiushchye-budu-blahodaren-708837204.html
 Музыка на торжество. Мероприятие связанные с музыкой.,https://www.bazarok.ua/ru/obyavleniya/muzyka-na-torzhestvo-meropryiatye-sviazannye-s-muzykoi-698733688.html
Обучение взрослых и детей шахматам. Тренер по шахматам. Индивидуальные занятия.  Онлайн.    ,https://www.bazarok.ua/ru/obyavleniya/obuchenye-vzroslykh-y-detei-shakhmatam-trener-po-shakhmatam-yndyvydualnye-zaniatyia-onlain-698646749.html
"Куплю старые предметы, монеты, серебро на лом, старые вещи.",https://www.bazarok.ua/ru/obyavleniya/kupliu-starye-predmety-monety-serebro-na-lom-starye-veshchy-709542474.html
"Распиловка  бревен, веток, пней.",https://www.bazarok.ua/ru/obyavleniya/raspylovka-breven-vetok-pnei-709563296.html
Массаж для милых дам.,https://www.bazarok.ua/ru/obyavleniya/massazh-dlia-mylykh-dam-709564779.html
50 коп 1992 1994 года,https://www.bazarok.ua/ru/obyavleniya/50-kop-1992-1994-hoda-709567348.html
Ищу хозяйку которая нуждается в помощи.,https://www.bazarok.ua/ru/obyavleniya/yshchu-khoziaiku-kotoraia-nuzhdaetsia-v-pomoshchy-709568690.html
Сапоги зимние VITTO ROSSI,https://www.bazarok.ua/ru/obyavleniya/sapogi-zimnie-vitto-rossi-709572798.html
"продаж 1-к квартира Київ, Дарницький, 54000 $",https://www.bazarok.ua/ru/obyavleniya/prodazh-1-k-kvartyra-kyiv-darnytskyi-54000-$-23-709572797.html
Грузоперевозки Квартирные переезды,https://www.bazarok.ua/ru/obyavleniya/gruzoperevozki-kvartirnye-pereezdy-709572796.html
"довгострокова оренда 1-к квартира Київ, Шевченківський, 16000 грн./міс.",https://www.bazarok.ua/ru/obyavleniya/dovhostrokova-orenda-1-k-kvartyra-kyiv-shevchenkivskyi-16000-hrn-mis-9-709572795.html
"довгострокова оренда 4-к квартира Київ, Шевченківський, 1500 $/міс.",https://www.bazarok.ua/ru/obyavleniya/dovhostrokova-orenda-4-k-kvartyra-kyiv-shevchenkivskyi-1500-$-mis-10-709572794.html
"продаж підземний паркінг Київ, Печерський, 30000 $",https://www.bazarok.ua/ru/obyavleniya/prodazh-pidzemnyi-parkinh-kyiv-pecherskyi-30000-$-709572793.html
"продаж 3-к квартира Київ, Голосіївський, 135000 $",https://www.bazarok.ua/ru/obyavleniya/prodazh-3-k-kvartyra-kyiv-holosiivskyi-135000-$-6-709572792.html
"продаж 1-к квартира Броварський, Бровари, 27700 $",https://www.bazarok.ua/ru/obyavleniya/prodazh-1-k-kvartyra-brovarskyi-brovary-27700-$-709572167.html
Вело колеса комплект 28 дюймов с планетарной втулкой Shimano Nexus Inter-3,https://www.bazarok.ua/ru/obyavleniya/velo-kolesa-komplekt-28-diuimov-s-planetarnoi-vtulkoi-shimano-nexus-inter-3-709566103.html
"Велосипедная рама lux 28 дюймов  Женская , Мужская Украина Люкс",https://www.bazarok.ua/ru/obyavleniya/velosypednaia-rama-lux-28-diuimov-zhenskaia-muzhskaia-ukrayna-liuks-709563324.html
Тормоза ви-брейки полный комплект на два колеса Shimano BR-T4000 Alivio,https://www.bazarok.ua/ru/obyavleniya/tormoza-vy-breiky-polnyi-komplekt-na-dva-kolesa-shimano-br-t4000-alivio-683320995.html
Колесо заднее 28 дюймов ALx2 на втулке VELOSTEEL спица нержавейка,https://www.bazarok.ua/ru/obyavleniya/koleso-zadnee-28-diuimov-alx2-na-vtulke-velosteel-spytsa-nerzhaveika-709572267.html
Планетарная втулка Shimano Nexus SG-3c41 полный комплект  Опт и розница,https://www.bazarok.ua/ru/obyavleniya/planetarnaia-vtulka-shimano-nexus-sg-3c41-polnyi-komplekt-opt-y-roznytsa-709532310.html
"довгострокова оренда офісне приміщення Київ, Дніпровський, 27000 грн./міс.",https://www.bazarok.ua/ru/obyavleniya/dovhostrokova-orenda-ofisne-prymishchennia-kyiv-dniprovskyi-27000-hrn-mis-6-709572790.html
"довгострокова оренда офісне приміщення Київ, Оболонський, 819000 грн./міс.",https://www.bazarok.ua/ru/obyavleniya/dovhostrokova-orenda-ofisne-prymishchennia-kyiv-obolonskyi-819000-hrn-mis-14-709572789.html
"продаж офісне приміщення Київ, Шевченківський, 185000 $",https://www.bazarok.ua/ru/obyavleniya/prodazh-ofisne-prymishchennia-kyiv-shevchenkivskyi-185000-$-2-709572788.html
"довгострокова оренда 2-к котедж Обухівський, Ржищів, 17000 грн./міс.",https://www.bazarok.ua/ru/obyavleniya/dovhostrokova-orenda-2-k-kotedzh-obukhivskyi-rzhyshchiv-17000-hrn-mis-2-709572787.html
Вело колеса на двойном ободе 26 28 дюймов под трещотку под эксцентрик,https://www.bazarok.ua/ru/obyavleniya/velo-kolesa-na-dvoinom-obode-26-28-diuimov-pod-treshchotku-pod-ekstsentryk-683356082.html
Вело колеса комплект 20 24 26 28 дюймов двойной обод под трещотку,https://www.bazarok.ua/ru/obyavleniya/velo-kolesa-komplekt-20-24-26-28-diuimov-dvoinoi-obod-pod-treshchotku-683368534.html
Вело колеса на дорожный велосипед комплект 20 24 26 28 дюймов,https://www.bazarok.ua/ru/obyavleniya/velo-kolesa-na-dorozhnyi-velosyped-komplekt-20-24-26-28-diuimov-683296092.html
Комплект колес (вилсет) 20 24.26.28 дюймов ALx2 на втулке VELOSTEEL,https://www.bazarok.ua/ru/obyavleniya/komplekt-koles-vylset-20-24-26-28-diuimov-alx2-na-vtulke-velosteel-683355449.html
Вело колеса комплект 20 24 26 28 дюймов на планетарной втулке shimano nexus Inter-3,https://www.bazarok.ua/ru/obyavleniya/velo-kolesa-komplekt-20-24-26-28-diuimov-na-planetarnoi-vtulke-shimano-nexus-inter-3-683369826.html
Вело колеса Двойной обод комплект 26 28 29 дюймов под трещотку под эксцентрик,https://www.bazarok.ua/ru/obyavleniya/velo-kolesa-dvoinoi-obod-komplekt-26-28-29-diuimov-pod-treshchotku-pod-ekstsentryk-683367896.html
Вело колеса 28 - 29 дюймов на двойной обод пистонированный комплект под кассету под дисковый тормоз,https://www.bazarok.ua/ru/obyavleniya/velo-kolesa-28-29-diuimov-na-dvoinoi-obod-pystonyrovannyi-komplekt-pod-kassetu-pod-dyskovyi-tormoz-683381185.html
"Вело колеса 20 28 дюймов Обод алюминиевый одинарный алюминиевый для дорожного велосипеда Десна , Украина",https://www.bazarok.ua/ru/obyavleniya/velo-kolesa-20-28-diuimov-obod-aliumynyevyi-odynarnyi-aliumynyevyi-dlia-dorozhnoho-velosypeda-desna-ukrayna-683355768.html
Вело колеса комплект 28  дюймов двойной обод пистонированный под трещотку и под эксцентрик,https://www.bazarok.ua/ru/obyavleniya/velo-kolesa-komplekt-28-diuimov-dvoinoi-obod-pystonyrovannyi-pod-treshchotku-y-pod-ekstsentryk-683362910.html
Вело колеса 20 24 26 28 29 дюймов с планетарной втулкой NEXUS SG-3C41,https://www.bazarok.ua/ru/obyavleniya/velo-kolesa-20-24-26-28-29-diuimov-s-planetarnoi-vtulkoi-nexus-sg-3c41-709565356.html
Велосипед ХВЗ Трек 28 дюймов спец-заказ,https://www.bazarok.ua/ru/obyavleniya/velosyped-khvz-trek-28-diuimov-spets-zakaz-683320748.html
Загублена перепустка,https://www.bazarok.ua/ru/obyavleniya/zagublena-perepustka-2-709572786.html
"довгострокова оренда офісне приміщення Київ, Печерський, 7340 $/міс.",https://www.bazarok.ua/ru/obyavleniya/dovhostrokova-orenda-ofisne-prymishchennia-kyiv-pecherskyi-7340-$-mis-5-709572785.html
"довгострокова оренда 2-к квартира Київ, Деснянський, 11000 грн./міс.",https://www.bazarok.ua/ru/obyavleniya/dovhostrokova-orenda-2-k-kvartyra-kyiv-desnianskyi-11000-hrn-mis-709572104.html
"продаж 2-к квартира Київ, Голосіївський, 67500 $",https://www.bazarok.ua/ru/obyavleniya/prodazh-2-k-kvartyra-kyiv-holosiivskyi-67500-$-709571565.html
земельна ділянка під забудову,https://www.bazarok.ua/ru/obyavleniya/zemelna-dilianka-pid-zabudovu-709572548.html
"продаж офісне приміщення Київ, Солом`янський, 65000 $",https://www.bazarok.ua/ru/obyavleniya/prodazh-ofisne-prymishchennia-kyiv-solomianskyi-65000-$-709571882.html
"Позняки, ул.Ахматовой 24, без %, 2х комнатная - 73 метра",https://www.bazarok.ua/ru/obyavleniya/pozniaki-ul-akhmatovoi-24-bez-percent-2kh-komnatnaia-73-metra-709572783.html
"продаж 1-к квартира Київ, Дніпровський, 52000 $",https://www.bazarok.ua/ru/obyavleniya/prodazh-1-k-kvartyra-kyiv-dniprovskyi-52000-$-14-709572782.html
"довгострокова оренда 3-к квартира Київ, Солом`янський, 17000 грн./міс.",https://www.bazarok.ua/ru/obyavleniya/dovhostrokova-orenda-3-k-kvartyra-kyiv-solomianskyi-17000-hrn-mis-3-709572781.html
"продаж 4-к частина будинку Білоцерківський, Біла Церква, 80000 $",https://www.bazarok.ua/ru/obyavleniya/prodazh-4-k-chastyna-budynku-bilotserkivskyi-bila-tserkva-80000-$-709572780.html
Нефорский лонгслив,https://www.bazarok.ua/ru/obyavleniya/neforskii-longsliv-709572779.html
"довгострокова оренда офісна будівля Київ, Шевченківський, 6500 $/міс.",https://www.bazarok.ua/ru/obyavleniya/dovhostrokova-orenda-ofisna-budivlia-kyiv-shevchenkivskyi-6500-$-mis-709572456.html
"продаж 3-к квартира Київ, Оболонський, 79500 $",https://www.bazarok.ua/ru/obyavleniya/prodazh-3-k-kvartyra-kyiv-obolonskyi-79500-$-709571330.html
"ДОБРИВА. Набір мінеральних добрив 5 шт по 250 г, удобрения",https://www.bazarok.ua/ru/obyavleniya/dobryva-nabir-mineralnykh-dobryv-5-sht-po-250-h-udobrenyia-706792878.html
Фотополімерна пломба на зуб Акція Стоматологія ціни недорого Київ. Лікування карієсу,https://www.bazarok.ua/ru/obyavleniya/fotopolimerna-plomba-na-zub-aktsiia-stomatolohiia-tsiny-nedoroho-kyiv-likuvannia-kariiesu-681146140.html
Клініка Терапевтичної стоматології працює у воєнний час. Доступні ціни та акції стоматолог Київ,https://www.bazarok.ua/ru/obyavleniya/klinika-terapevtychnoi-stomatolohii-pratsiuie-u-voiennyi-chas-dostupni-tsiny-ta-aktsii-stomatoloh-kyiv-681147873.html
Професійна чистка зубів AIR Flow. Усього за 597 грн Стоматологія Київ недорого якість з гарантією,https://www.bazarok.ua/ru/obyavleniya/profesiina-chystka-zubiv-air-flow-usoho-za-597-hrn-stomatolohiia-kyiv-nedoroho-iakist-z-harantiieiu-681146655.html
"довгострокова оренда 8-к будинок Київ, Деснянський, 1800 $/міс.",https://www.bazarok.ua/ru/obyavleniya/dovhostrokova-orenda-8-k-budynok-kyiv-desnianskyi-1800-$-mis-3-709572778.html
"продаж 4-к будинок Обухівський, Ржищів, 38000 $",https://www.bazarok.ua/ru/obyavleniya/prodazh-4-k-budynok-obukhivskyi-rzhyshchiv-38000-$-12-709572777.html
"продаж 1-к квартира Київ, Голосіївський, 69000 $",https://www.bazarok.ua/ru/obyavleniya/prodazh-1-k-kvartyra-kyiv-holosiivskyi-69000-$-32-709572776.html
Невідкладна допомога при гострому зубному болю/ пульпіті. Стоматологія недорого Київ,https://www.bazarok.ua/ru/obyavleniya/nevidkladna-dopomoha-pry-hostromu-zubnomu-boliu-pulpiti-stomatolohiia-nedoroho-kyiv-681147516.html
Помічник керівника,https://www.bazarok.ua/ru/obyavleniya/pomichnyk-kerivnyka-709572775.html
"Акумуляторний пилосос без мішка Vacuum Cleaner 2000mAh 120 Вт безпровідний, вертикальний",https://www.bazarok.ua/ru/obyavleniya/akumuliatornyi-pylosos-bez-mishka-vacuum-cleaner-2000mah-120-vt-bezprovidnyi-vertykalnyi-709572774.html
Виконроб 30000 - 90000 грн/міс.,https://www.bazarok.ua/ru/obyavleniya/vykonrob-30000-90000-hrn-mis-709572773.html
"DATAKOM DKG-209 Контролер управління і синхронізації, стандартна версія",https://www.bazarok.ua/ru/obyavleniya/datakom-dkg-209-kontroler-upravlinnia-i-synkhronizatsii-standartna-versiia-624024065.html
DATAKOM DKG-171 Контролер автоматичного введення резерву (АВР),https://www.bazarok.ua/ru/obyavleniya/datakom-dkg-171-kontroler-avtomatychnoho-vvedennia-rezervu-avr-623941284.html
"DATAKOM DM-0101 Мультиметр, 1 фаза, 72x72mm",https://www.bazarok.ua/ru/obyavleniya/datakom-dm-0101-multymetr-1-faza-72x72mm-623749539.html
DATAKOM DKG-255 Цифровий контролер управління частотою обертання двигуна,https://www.bazarok.ua/ru/obyavleniya/datakom-dkg-255-tsyfrovyi-kontroler-upravlinnia-chastotoiu-obertannia-dvyhuna-623680612.html
"DATAKOM DA-0101 Амперметр, 1 фаза, 72x72 мм",https://www.bazarok.ua/ru/obyavleniya/datakom-da-0101-ampermetr-1-faza-72x72-mm-623746620.html
"DATAKOM DKM-401 Мультиметр, 96x96мм",https://www.bazarok.ua/ru/obyavleniya/datakom-dkm-401-multymetr-96x96mm-623681245.html
"4PRO ATS-63A-4P-RSC Пристрій автоматичного введення резервного електропостачання 230V 1-3 фази, 4 пол., 3 поз.",https://www.bazarok.ua/ru/obyavleniya/4pro-ats-63a-4p-rsc-prystrii-avtomatychnoho-vvedennia-rezervnoho-elektropostachannia-230v-1-3-fazy-4-pol-3-poz-623745651.html
DATAKOM AVR-40 Регулятор напруги генератора змінного струму,https://www.bazarok.ua/ru/obyavleniya/datakom-avr-40-rehuliator-napruhy-heneratora-zminnoho-strumu-623423187.html
DATAKOM DKG-151 Контролер ручного управління генератором,https://www.bazarok.ua/ru/obyavleniya/datakom-dkg-151-kontroler-ruchnoho-upravlinnia-heneratorom-623421267.html
DATAKOM D-100-MK2 Багатофункціональний контролер генератора c J1939,https://www.bazarok.ua/ru/obyavleniya/datakom-d-100-mk2-bahatofunktsionalnyi-kontroler-heneratora-c-j1939-623422740.html
DATAKOM DKG-116 MPU Контролер ручного і дистанційного керування генератором,https://www.bazarok.ua/ru/obyavleniya/datakom-dkg-116-mpu-kontroler-ruchnoho-i-dystantsiinoho-keruvannia-heneratorom-623420270.html
DATAKOM AVR-8 Регулятор напруги генератора змінного струму,https://www.bazarok.ua/ru/obyavleniya/datakom-avr-8-rehuliator-napruhy-heneratora-zminnoho-strumu-622731946.html
DATAKOM D-200-MK2 Багатофункціональний контролер генератора з MPU,https://www.bazarok.ua/ru/obyavleniya/datakom-d-200-mk2-bahatofunktsionalnyi-kontroler-heneratora-z-mpu-623423036.html
DATAKOM DKG-253 Контролер управління частотою обертання двигуна,https://www.bazarok.ua/ru/obyavleniya/datakom-dkg-253-kontroler-upravlinnia-chastotoiu-obertannia-dvyhuna-623680246.html
DATAKOM DKG-152 Remote start generator control panel,https://www.bazarok.ua/ru/obyavleniya/datakom-dkg-152-remote-start-generator-control-panel-623422377.html
DATAKOM DSD-060 Детектор землетрусів з датчиком сейсмічої активності,https://www.bazarok.ua/ru/obyavleniya/datakom-dsd-060-detektor-zemletrusiv-z-datchykom-seismichoi-aktyvnosti-623750832.html
"DATAKOM DKM-411 Аналізатор електричної мережі, 96x96mm, 3.5 кольоровий TFT дисплей, Ethernet, USB/Host, USB/Device, RS485, RS232, 2-дискретних входу, 2-дискретних виходів з джерелом живлення змінного струму",https://www.bazarok.ua/ru/obyavleniya/datakom-dkm-411-analizator-elektrychnoi-merezhi-96x96mm-3-5-kolorovyi-tft-dysplei-ethernet-usb-host-usb-device-rs485-rs232-2-dyskretnykh-vkhodu-2-dyskretnykh-vykhodiv-z-dzherelom-zhyvlennia-zminnoho-strumu-623747736.html
"DATAKOM DVF-0101 Вольтметр-частотомір, 1 фаза, 72x72mm",https://www.bazarok.ua/ru/obyavleniya/datakom-dvf-0101-voltmetr-chastotomir-1-faza-72x72mm-623748999.html
"DATAKOM DKM-250 DC Аналізатор мережі постійного струму 96x96mm, RS-485",https://www.bazarok.ua/ru/obyavleniya/datakom-dkm-250-dc-analizator-merezhi-postiinoho-strumu-96x96mm-rs-485-623747477.html
"DATAKOM DV-0101 Вольтметр, 1 фаза, 72x72mm",https://www.bazarok.ua/ru/obyavleniya/datakom-dv-0101-voltmetr-1-faza-72x72mm-623748779.html
DATAKOM D-500-MK2 Багатофункціональний контролер генератора/двигуна/АВР,https://www.bazarok.ua/ru/obyavleniya/datakom-d-500-mk2-bahatofunktsionalnyi-kontroler-heneratora-dvyhuna-avr-623422865.html
