Колонка газова турбована,https://www.bazarok.ua/ru/obyavleniya/kolonka-hazova-turbovana-709572769.html
"продаж 2-к квартира Київ, Дарницький, 115000 $",https://www.bazarok.ua/ru/obyavleniya/prodazh-2-k-kvartyra-kyiv-darnytskyi-115000-$-709572079.html
"довгострокова оренда 1-к квартира Київ, Голосіївський, 15000 грн./міс.",https://www.bazarok.ua/ru/obyavleniya/dovhostrokova-orenda-1-k-kvartyra-kyiv-holosiivskyi-15000-hrn-mis-709571682.html
Аварійне відновлення освітлення,https://www.bazarok.ua/ru/obyavleniya/avariine-vidnovlennia-osvitlennia-680780481.html
Проведення ремонтного електромонтажу,https://www.bazarok.ua/ru/obyavleniya/provedennia-remontnoho-elektromontazhu-709571900.html
Встановлення ПЗВ та автоматів,https://www.bazarok.ua/ru/obyavleniya/vstanovlennia-pzv-ta-avtomativ-680782045.html
Заміна пробок на автомати та ПЗВ,https://www.bazarok.ua/ru/obyavleniya/zamina-probok-na-avtomaty-ta-pzv-709571901.html
Монтаж подвійної внутрішньої розетки,https://www.bazarok.ua/ru/obyavleniya/montazh-podviinoi-vnutrishnoi-rozetky-709571902.html
Монтаж подвійної внутрішньої євро-розетки,https://www.bazarok.ua/ru/obyavleniya/montazh-podviinoi-vnutrishnoi-ievro-rozetky-709571898.html
Оренда салону краси,https://www.bazarok.ua/ru/obyavleniya/orenda-salonu-krasy-638012723.html
Монтаж реле напруги,https://www.bazarok.ua/ru/obyavleniya/montazh-rele-napruhy-680782311.html
Телевізор HITACHI,https://www.bazarok.ua/ru/obyavleniya/televizor-hitachi-709572768.html
"довгострокова оренда торгові площі Київ, Шевченківський, 1600 $/міс.",https://www.bazarok.ua/ru/obyavleniya/dovhostrokova-orenda-torhovi-ploshchi-kyiv-shevchenkivskyi-1600-$-mis-20-709572767.html
"продаж 3-к квартира Київ, Шевченківський, 69000 $",https://www.bazarok.ua/ru/obyavleniya/prodazh-3-k-kvartyra-kyiv-shevchenkivskyi-69000-$-7-709572766.html
"продаж 2-к квартира Київ, Оболонський, 47000 $",https://www.bazarok.ua/ru/obyavleniya/prodazh-2-k-kvartyra-kyiv-obolonskyi-47000-$-6-709572765.html
"продаж 10-к будинок Хустський, Хуст, 150000 $",https://www.bazarok.ua/ru/obyavleniya/prodazh-10-k-budynok-khustskyi-khust-150000-$-30-709572764.html
"довгострокова оренда торгові площі Київ, Подільський, 50625 грн./міс.",https://www.bazarok.ua/ru/obyavleniya/dovhostrokova-orenda-torhovi-ploshchi-kyiv-podilskyi-50625-hrn-mis-12-709572763.html
"продаж 3-к квартира Київ, Печерський, 300000 $",https://www.bazarok.ua/ru/obyavleniya/prodazh-3-k-kvartyra-kyiv-pecherskyi-300000-$-15-709572762.html
"продаж 2-к квартира Київ, Подільський, 58000 $",https://www.bazarok.ua/ru/obyavleniya/prodazh-2-k-kvartyra-kyiv-podilskyi-58000-$-14-709572761.html
Оренда 2-х кімнатної квартири Люблинець,https://www.bazarok.ua/ru/obyavleniya/orenda-2-kh-kimnatnoi-kvartyry-liublynets-709572759.html
"довгострокова оренда офісна будівля Хмельницький, 19950 грн./міс.",https://www.bazarok.ua/ru/obyavleniya/dovhostrokova-orenda-ofisna-budivlia-khmelnytskyi-19950-hrn-mis-709571018.html
"довгострокова оренда офісне приміщення Хмельницький, 90000 грн./міс.",https://www.bazarok.ua/ru/obyavleniya/dovhostrokova-orenda-ofisne-prymishchennia-khmelnytskyi-90000-hrn-mis-2-709572758.html
"продаж 4-к квартира Київ, Дарницький, 81900 $",https://www.bazarok.ua/ru/obyavleniya/prodazh-4-k-kvartyra-kyiv-darnytskyi-81900-$-4-709572757.html
Перепустка до гуртожитку,https://www.bazarok.ua/ru/obyavleniya/perepustka-do-hurtozhytku-709572756.html
"довгострокова оренда кімната Київ, Деснянський, 5499 грн./міс.",https://www.bazarok.ua/ru/obyavleniya/dovhostrokova-orenda-kimnata-kyiv-desnianskyi-5499-hrn-mis-709572754.html
Кросовки New Balance 608,https://www.bazarok.ua/ru/obyavleniya/krosovki-new-balance-608-709572753.html
"Аренда БИОтуалетов от 1 дня. Днепр Новомосковск Каменское, мойка кабин. Выгодно",https://www.bazarok.ua/ru/obyavleniya/arenda-byotualetov-ot-1-dnia-dnepr-novomoskovsk-kamenskoe-moika-kabyn-vyhodno-709487470.html
"Выкачка туалетов, канализации, откачка выгребных помойных ям. Днепр, пригород",https://www.bazarok.ua/ru/obyavleniya/vykachka-tualetov-kanalyzatsyy-otkachka-vyhrebnykh-pomoinykh-iam-dnepr-pryhorod-709487476.html
Чистка канализации. ПроЧистка всех видов труб 100% Видеодиагностика,https://www.bazarok.ua/ru/obyavleniya/chystka-kanalyzatsyy-prochystka-vsekh-vydov-trub-100percent-vydeodyahnostyka-709487471.html
"Выкачка ям Ассенизатором - Илососом до 4-17 м3, откачка туалетов канализации Днепр",https://www.bazarok.ua/ru/obyavleniya/vykachka-iam-assenyzatorom-ylososom-do-4-17-m3-otkachka-tualetov-kanalyzatsyy-dnepr-709487469.html
"Аренда БИОтуалетов, прокат БИОтуалетных кабин Днепр Новомосковск",https://www.bazarok.ua/ru/obyavleniya/arenda-byotualetov-prokat-byotualetnykh-kabyn-dnepr-novomoskovsk-709487475.html
"Выкачка ям Илососом. Чистка труб, туалетов. Каменское, Новомосковск, Днепр НДС, безнал",https://www.bazarok.ua/ru/obyavleniya/vykachka-iam-ylososom-chystka-trub-tualetov-kamenskoe-novomoskovsk-dnepr-nds-beznal-709487473.html
"Выкачка выгребных ям. Ассенизатор Днепр. Откачать туалет, биотуалет, канализацию",https://www.bazarok.ua/ru/obyavleniya/vykachka-vyhrebnykh-iam-assenyzator-dnepr-otkachat-tualet-byotualet-kanalyzatsyiu-616066389.html
Чистка сливных ям Илососом. Ручная докопка дна Прочистка труб канализации Dp,https://www.bazarok.ua/ru/obyavleniya/chystka-slyvnykh-iam-ylososom-ruchnaia-dokopka-dna-prochystka-trub-kanalyzatsyy-dp-616066518.html
"Аренда БИОтуалетов. Обслуживание, перевозка выкачка мойка кабин",https://www.bazarok.ua/ru/obyavleniya/arenda-byotualetov-obsluzhyvanye-perevozka-vykachka-moika-kabyn-611905549.html
"Аренда биотуалетов. Обслуживание, перевозка кабин 0962024855",https://www.bazarok.ua/ru/obyavleniya/arenda-byotualetov-obsluzhyvanye-perevozka-kabyn-0962024855-616065706.html
Выкачка выгребных ям. Чистка сливных ям Прочистка труб+Видеоинспекция,https://www.bazarok.ua/ru/obyavleniya/vykachka-vyhrebnykh-iam-chystka-slyvnykh-iam-prochystka-trub+vydeoynspektsyia-616577737.html
Сдается студия в Натании,https://www.bazarok.ua/ru/obyavleniya/sdaetsia-studyia-v-natanyy-709572750.html
Сдается студия в центре Герцлии,https://www.bazarok.ua/ru/obyavleniya/sdaetsia-studyia-v-tsentre-hertslyy-709572749.html
Сдается 3х комнатная квартира в центре Герцлии,https://www.bazarok.ua/ru/obyavleniya/sdaetsia-3kh-komnatnaia-kvartyra-v-tsentre-hertslyy-709572748.html
"продаж 3-к квартира Київ, Печерський, 230000 $",https://www.bazarok.ua/ru/obyavleniya/prodazh-3-k-kvartyra-kyiv-pecherskyi-230000-$-2-709572747.html
"продаж офісна будівля Київ, Солом`янський, 390000 $",https://www.bazarok.ua/ru/obyavleniya/prodazh-ofisna-budivlia-kyiv-solomianskyi-390000-$-19-709572746.html
"продаж офісне приміщення Київ, Солом`янський, 390000 $",https://www.bazarok.ua/ru/obyavleniya/prodazh-ofisne-prymishchennia-kyiv-solomianskyi-390000-$-19-709572745.html
"продаж окремий гараж Київ, Солом`янський, 12000 грн.",https://www.bazarok.ua/ru/obyavleniya/prodazh-okremyi-harazh-kyiv-solomianskyi-12000-hrn-709572744.html
"продаж 3-к квартира Київ, Оболонський, 292000 $",https://www.bazarok.ua/ru/obyavleniya/prodazh-3-k-kvartyra-kyiv-obolonskyi-292000-$-709572743.html
"довгострокова оренда 2-к квартира Київ, Голосіївський, 30000 грн./міс.",https://www.bazarok.ua/ru/obyavleniya/dovhostrokova-orenda-2-k-kvartyra-kyiv-holosiivskyi-30000-hrn-mis-8-709572742.html
"продаж 1-к квартира Одеса, Приморський, 37000 $",https://www.bazarok.ua/ru/obyavleniya/prodazh-1-k-kvartyra-odesa-prymorskyi-37000-$-3-709572741.html
"довгострокова оренда 3-к квартира Київ, Солом`янський, 13000 грн./міс.",https://www.bazarok.ua/ru/obyavleniya/dovhostrokova-orenda-3-k-kvartyra-kyiv-solomianskyi-13000-hrn-mis-10-709572740.html
"подобова оренда 5-к котедж Броварський, Зазим`я, 10000 грн./добу",https://www.bazarok.ua/ru/obyavleniya/podobova-orenda-5-k-kotedzh-brovarskyi-zazymia-10000-hrn-dobu-16-709572739.html
"довгострокова оренда 1-к квартира Київ, Подільський, 18500 грн./міс.",https://www.bazarok.ua/ru/obyavleniya/dovhostrokova-orenda-1-k-kvartyra-kyiv-podilskyi-18500-hrn-mis-6-709572738.html
"довгострокова оренда кімната Київ, Деснянський, 5500 грн./міс.",https://www.bazarok.ua/ru/obyavleniya/dovhostrokova-orenda-kimnata-kyiv-desnianskyi-5500-hrn-mis-6-709572737.html
масаж в 4 руки вiд майстринь,https://www.bazarok.ua/ru/obyavleniya/masazh-v-4-ruky-vid-maistryn-709569914.html
Масаж чарівний авторська технiка,https://www.bazarok.ua/ru/obyavleniya/masazh-charivnyi-avtorska-tekhnika-699969701.html
Тепловизионная диагностика Киев тепловизор,https://www.bazarok.ua/ru/obyavleniya/teplovyzyonnaia-dyahnostyka-kyev-teplovyzor-667743998.html
"Новорічні корпоративи. Ведуча, музика, шоу",https://www.bazarok.ua/ru/obyavleniya/novorichni-korporatyvy-veducha-muzyka-shou-709572714.html
Живая музыка и Тамада на свадьбу,https://www.bazarok.ua/ru/obyavleniya/zhyvaia-muzyka-y-tamada-na-svadbu-592377462.html
"Организация свадеб.Тамада,музыка,шоу программа",https://www.bazarok.ua/ru/obyavleniya/orhanyzatsyia-svadeb-tamada-muzyka-shou-prohramma-655995325.html
"довгострокова оренда 2-к квартира Дніпро, Соборний, 22000 грн./міс.",https://www.bazarok.ua/ru/obyavleniya/dovhostrokova-orenda-2-k-kvartyra-dnipro-sobornyi-22000-hrn-mis-3-709572712.html
"подобова оренда 5-к будинок Вишгородський, Воропаїв, 9999 грн./добу",https://www.bazarok.ua/ru/obyavleniya/podobova-orenda-5-k-budynok-vyshhorodskyi-voropaiv-9999-hrn-dobu-21-709572711.html
"продаж 3-к будинок Бориспільський, Бориспіль, 77000 $",https://www.bazarok.ua/ru/obyavleniya/prodazh-3-k-budynok-boryspilskyi-boryspil-77000-$-14-709572710.html
Опора для столу із чавуну Сполето н 725 мм.,https://www.bazarok.ua/ru/obyavleniya/opora-dlia-stolu-iz-chavunu-spoleto-n-725-mm-680011439.html
Опора для столу із чавуну Трамп Н 725 мм.,https://www.bazarok.ua/ru/obyavleniya/opora-dlia-stolu-iz-chavunu-tramp-n-725-mm-680766325.html
Каркас для столу Аполо О 2.2,https://www.bazarok.ua/ru/obyavleniya/karkas-dlia-stolu-apolo-o-2-2-680767996.html
"Продам ВАЗ-21099, 2002РОКУ",https://www.bazarok.ua/ru/obyavleniya/prodam-vaz-21099-2002roku-709572707.html
Опора для столу Верона 400. Н 725 мм.,https://www.bazarok.ua/ru/obyavleniya/opora-dlia-stolu-verona-400-n-725-mm-679476395.html
"продаж 2-к квартира Київ, Шевченківський, 49500 $",https://www.bazarok.ua/ru/obyavleniya/prodazh-2-k-kvartyra-kyiv-shevchenkivskyi-49500-$-709571986.html
"продаж 4-к квартира Київ, Солом`янський, 198835 $",https://www.bazarok.ua/ru/obyavleniya/prodazh-4-k-kvartyra-kyiv-solomianskyi-198835-$-18-709572704.html
"продаж 2-к квартира Київ, Голосіївський, 115000 $",https://www.bazarok.ua/ru/obyavleniya/prodazh-2-k-kvartyra-kyiv-holosiivskyi-115000-$-29-709572703.html
"продаж 5-к будинок Київ, Солом`янський, 249000 $",https://www.bazarok.ua/ru/obyavleniya/prodazh-5-k-budynok-kyiv-solomianskyi-249000-$-26-709572701.html
"довгострокова оренда приміщення вільного призначення, будівлі Лисянський, Лисянка, 20000 грн./міс.",https://www.bazarok.ua/ru/obyavleniya/dovhostrokova-orenda-prymishchennia-vilnoho-pryznachennia-budivli-lysianskyi-lysianka-20000-hrn-mis-6-709572700.html
"Курсові роботи, реферати",https://www.bazarok.ua/ru/obyavleniya/kursovi-roboty-referaty-709572699.html
"Куплю пірʼя.  Старі подушки, пирини.",https://www.bazarok.ua/ru/obyavleniya/kupliu-pirʼia-stari-podushki-pirini-709572697.html
Стільниця для столу прямокутна вологостійка Верзаліт (Werzalit) 120Х70 Туреччина,https://www.bazarok.ua/ru/obyavleniya/stilnytsia-dlia-stolu-priamokutna-volohostiika-verzalit-werzalit-120kh70-turechchyna-681802113.html
"продаж 5-к будинок Обухівський, Підгірці, 269000 $",https://www.bazarok.ua/ru/obyavleniya/prodazh-5-k-budynok-obukhivskyi-pidhirtsi-269000-$-709572696.html
Автошини255×55×1<,https://www.bazarok.ua/ru/obyavleniya/avtoshyny255×55×1-709572695.html
"продаж 2-к квартира Київ, Деснянський, 77500 $",https://www.bazarok.ua/ru/obyavleniya/prodazh-2-k-kvartyra-kyiv-desnianskyi-77500-$-3-709572694.html
"продаж 2-к квартира Київ, Голосіївський, 43000 $",https://www.bazarok.ua/ru/obyavleniya/prodazh-2-k-kvartyra-kyiv-holosiivskyi-43000-$-5-709572693.html
"продаж 5-к будинок Обухівський, Васильків, 210000 $",https://www.bazarok.ua/ru/obyavleniya/prodazh-5-k-budynok-obukhivskyi-vasylkiv-210000-$-6-709572692.html
"продаж приміщення вільного призначення, будівлі Київ, Оболонський, 54000 $",https://www.bazarok.ua/ru/obyavleniya/prodazh-prymishchennia-vilnoho-pryznachennia-budivli-kyiv-obolonskyi-54000-$-5-709572691.html
"продаж 3-к квартира Київ, Оболонський, 99000 $",https://www.bazarok.ua/ru/obyavleniya/prodazh-3-k-kvartyra-kyiv-obolonskyi-99000-$-16-709572690.html
"довгострокова оренда офісне приміщення Київ, Солом`янський, 2070 $/міс.",https://www.bazarok.ua/ru/obyavleniya/dovhostrokova-orenda-ofisne-prymishchennia-kyiv-solomianskyi-2070-$-mis-18-709572689.html
"продаж приміщення вільного призначення, будівлі Київ, Печерський, 25000 $",https://www.bazarok.ua/ru/obyavleniya/prodazh-prymishchennia-vilnoho-pryznachennia-budivli-kyiv-pecherskyi-25000-$-5-709572688.html
"продаж 2-к будинок Обухівський, Підгірці, 138000 $",https://www.bazarok.ua/ru/obyavleniya/prodazh-2-k-budynok-obukhivskyi-pidhirtsi-138000-$-4-709572687.html
"продаж 5-к будинок Бучанський, Петропавлівська Борщагівка, 310000 $",https://www.bazarok.ua/ru/obyavleniya/prodazh-5-k-budynok-buchanskyi-petropavlivska-borshchahivka-310000-$-4-709572686.html
"продаж 2-к квартира Київ, Подільський, 51500 $",https://www.bazarok.ua/ru/obyavleniya/prodazh-2-k-kvartyra-kyiv-podilskyi-51500-$-3-709572685.html
продам підвал у новобудові біля нового автовокзалу,https://www.bazarok.ua/ru/obyavleniya/prodam-pidval-u-novobudovi-bilia-novoho-avtovokzalu-709572684.html
"продаж Peugeot 308, 6800 $",https://www.bazarok.ua/ru/obyavleniya/prodazh-peugeot-308-6800-$-709570258.html
Перевозим пассажиров,https://www.bazarok.ua/ru/obyavleniya/perevozym-passazhyrov-709572683.html
продам підвальне приміщення,https://www.bazarok.ua/ru/obyavleniya/prodam-pidvalne-prymishchennia-709572682.html
"продаж 5-к будинок Фастівський, Крушинка, 249000 $",https://www.bazarok.ua/ru/obyavleniya/prodazh-5-k-budynok-fastivskyi-krushynka-249000-$-2-709572681.html
Перевозки пассажиров.,https://www.bazarok.ua/ru/obyavleniya/perevozky-passazhyrov-611907641.html
"продаж 2-к квартира Київ, Голосіївський, 165000 $",https://www.bazarok.ua/ru/obyavleniya/prodazh-2-k-kvartyra-kyiv-holosiivskyi-165000-$-34-709572680.html
"продаж приміщення вільного призначення, будівлі Київ, Оболонський, 45000 $",https://www.bazarok.ua/ru/obyavleniya/prodazh-prymishchennia-vilnoho-pryznachennia-budivli-kyiv-obolonskyi-45000-$-5-709572679.html
"продаж 3-к квартира Фастівський, Гатне, 99000 $",https://www.bazarok.ua/ru/obyavleniya/prodazh-3-k-kvartyra-fastivskyi-hatne-99000-$-5-709572678.html
"продаж 2-к квартира Бучанський, Софіївська Борщагівка, 91000 $",https://www.bazarok.ua/ru/obyavleniya/prodazh-2-k-kvartyra-buchanskyi-sofiivska-borshchahivka-91000-$-709572677.html
"довгострокова оренда 3-к квартира Одеса, Приморський, 400 $/міс.",https://www.bazarok.ua/ru/obyavleniya/dovhostrokova-orenda-3-k-kvartyra-odesa-prymorskyi-400-$-mis-2-709572676.html
Справжня медитация,https://www.bazarok.ua/ru/obyavleniya/spravzhnia-medytatsyia-709572675.html
Шугаринг восковая эпиляция,https://www.bazarok.ua/ru/obyavleniya/shugaring-voskovaia-epiliatsiia-709572674.html
Ботинки тактические,https://www.bazarok.ua/ru/obyavleniya/botynky-taktycheskye-666961362.html
Микропереключатель В601-2С,https://www.bazarok.ua/ru/obyavleniya/mykroperekliuchatel-v601-2s-709572673.html
"довгострокова оренда 1-к квартира Київ, Дніпровський, 13000 грн./міс.",https://www.bazarok.ua/ru/obyavleniya/dovhostrokova-orenda-1-k-kvartyra-kyiv-dniprovskyi-13000-hrn-mis-709571989.html
"Вело колеса 20 28 дюймов Обод алюминиевый одинарный алюминиевый для дорожного велосипеда Десна , Украина",https://www.bazarok.ua/ru/obyavleniya/velo-kolesa-20-28-diuimov-obod-aliumynyevyi-odynarnyi-aliumynyevyi-dlia-dorozhnoho-velosypeda-desna-ukrayna-683355768.html
Вело колеса комплект 28  дюймов двойной обод пистонированный под трещотку и под эксцентрик,https://www.bazarok.ua/ru/obyavleniya/velo-kolesa-komplekt-28-diuimov-dvoinoi-obod-pystonyrovannyi-pod-treshchotku-y-pod-ekstsentryk-683362910.html
Вело колеса 20 24 26 28 29 дюймов с планетарной втулкой NEXUS SG-3C41,https://www.bazarok.ua/ru/obyavleniya/velo-kolesa-20-24-26-28-29-diuimov-s-planetarnoi-vtulkoi-nexus-sg-3c41-709565356.html
Велосипед ХВЗ Трек 28 дюймов спец-заказ,https://www.bazarok.ua/ru/obyavleniya/velosyped-khvz-trek-28-diuimov-spets-zakaz-683320748.html
Загублена перепустка,https://www.bazarok.ua/ru/obyavleniya/zagublena-perepustka-2-709572786.html
"довгострокова оренда офісне приміщення Київ, Печерський, 7340 $/міс.",https://www.bazarok.ua/ru/obyavleniya/dovhostrokova-orenda-ofisne-prymishchennia-kyiv-pecherskyi-7340-$-mis-5-709572785.html
"довгострокова оренда 2-к квартира Київ, Деснянський, 11000 грн./міс.",https://www.bazarok.ua/ru/obyavleniya/dovhostrokova-orenda-2-k-kvartyra-kyiv-desnianskyi-11000-hrn-mis-709572104.html
"продаж 2-к квартира Київ, Голосіївський, 67500 $",https://www.bazarok.ua/ru/obyavleniya/prodazh-2-k-kvartyra-kyiv-holosiivskyi-67500-$-709571565.html
земельна ділянка під забудову,https://www.bazarok.ua/ru/obyavleniya/zemelna-dilianka-pid-zabudovu-709572548.html
"продаж офісне приміщення Київ, Солом`янський, 65000 $",https://www.bazarok.ua/ru/obyavleniya/prodazh-ofisne-prymishchennia-kyiv-solomianskyi-65000-$-709571882.html
"Позняки, ул.Ахматовой 24, без %, 2х комнатная - 73 метра",https://www.bazarok.ua/ru/obyavleniya/pozniaki-ul-akhmatovoi-24-bez-percent-2kh-komnatnaia-73-metra-709572783.html
"продаж 1-к квартира Київ, Дніпровський, 52000 $",https://www.bazarok.ua/ru/obyavleniya/prodazh-1-k-kvartyra-kyiv-dniprovskyi-52000-$-14-709572782.html
"довгострокова оренда 3-к квартира Київ, Солом`янський, 17000 грн./міс.",https://www.bazarok.ua/ru/obyavleniya/dovhostrokova-orenda-3-k-kvartyra-kyiv-solomianskyi-17000-hrn-mis-3-709572781.html
"продаж 4-к частина будинку Білоцерківський, Біла Церква, 80000 $",https://www.bazarok.ua/ru/obyavleniya/prodazh-4-k-chastyna-budynku-bilotserkivskyi-bila-tserkva-80000-$-709572780.html
Нефорский лонгслив,https://www.bazarok.ua/ru/obyavleniya/neforskii-longsliv-709572779.html
"довгострокова оренда офісна будівля Київ, Шевченківський, 6500 $/міс.",https://www.bazarok.ua/ru/obyavleniya/dovhostrokova-orenda-ofisna-budivlia-kyiv-shevchenkivskyi-6500-$-mis-709572456.html
"продаж 3-к квартира Київ, Оболонський, 79500 $",https://www.bazarok.ua/ru/obyavleniya/prodazh-3-k-kvartyra-kyiv-obolonskyi-79500-$-709571330.html
"ДОБРИВА. Набір мінеральних добрив 5 шт по 250 г, удобрения",https://www.bazarok.ua/ru/obyavleniya/dobryva-nabir-mineralnykh-dobryv-5-sht-po-250-h-udobrenyia-706792878.html
Фотополімерна пломба на зуб Акція Стоматологія ціни недорого Київ. Лікування карієсу,https://www.bazarok.ua/ru/obyavleniya/fotopolimerna-plomba-na-zub-aktsiia-stomatolohiia-tsiny-nedoroho-kyiv-likuvannia-kariiesu-681146140.html
Клініка Терапевтичної стоматології працює у воєнний час. Доступні ціни та акції стоматолог Київ,https://www.bazarok.ua/ru/obyavleniya/klinika-terapevtychnoi-stomatolohii-pratsiuie-u-voiennyi-chas-dostupni-tsiny-ta-aktsii-stomatoloh-kyiv-681147873.html
Професійна чистка зубів AIR Flow. Усього за 597 грн Стоматологія Київ недорого якість з гарантією,https://www.bazarok.ua/ru/obyavleniya/profesiina-chystka-zubiv-air-flow-usoho-za-597-hrn-stomatolohiia-kyiv-nedoroho-iakist-z-harantiieiu-681146655.html
"довгострокова оренда 8-к будинок Київ, Деснянський, 1800 $/міс.",https://www.bazarok.ua/ru/obyavleniya/dovhostrokova-orenda-8-k-budynok-kyiv-desnianskyi-1800-$-mis-3-709572778.html
"продаж 4-к будинок Обухівський, Ржищів, 38000 $",https://www.bazarok.ua/ru/obyavleniya/prodazh-4-k-budynok-obukhivskyi-rzhyshchiv-38000-$-12-709572777.html
"продаж 1-к квартира Київ, Голосіївський, 69000 $",https://www.bazarok.ua/ru/obyavleniya/prodazh-1-k-kvartyra-kyiv-holosiivskyi-69000-$-32-709572776.html
Невідкладна допомога при гострому зубному болю/ пульпіті. Стоматологія недорого Київ,https://www.bazarok.ua/ru/obyavleniya/nevidkladna-dopomoha-pry-hostromu-zubnomu-boliu-pulpiti-stomatolohiia-nedoroho-kyiv-681147516.html
Помічник керівника,https://www.bazarok.ua/ru/obyavleniya/pomichnyk-kerivnyka-709572775.html
"Акумуляторний пилосос без мішка Vacuum Cleaner 2000mAh 120 Вт безпровідний, вертикальний",https://www.bazarok.ua/ru/obyavleniya/akumuliatornyi-pylosos-bez-mishka-vacuum-cleaner-2000mah-120-vt-bezprovidnyi-vertykalnyi-709572774.html
Виконроб 30000 - 90000 грн/міс.,https://www.bazarok.ua/ru/obyavleniya/vykonrob-30000-90000-hrn-mis-709572773.html
"DATAKOM DKG-209 Контролер управління і синхронізації, стандартна версія",https://www.bazarok.ua/ru/obyavleniya/datakom-dkg-209-kontroler-upravlinnia-i-synkhronizatsii-standartna-versiia-624024065.html
DATAKOM DKG-171 Контролер автоматичного введення резерву (АВР),https://www.bazarok.ua/ru/obyavleniya/datakom-dkg-171-kontroler-avtomatychnoho-vvedennia-rezervu-avr-623941284.html
"DATAKOM DM-0101 Мультиметр, 1 фаза, 72x72mm",https://www.bazarok.ua/ru/obyavleniya/datakom-dm-0101-multymetr-1-faza-72x72mm-623749539.html
DATAKOM DKG-255 Цифровий контролер управління частотою обертання двигуна,https://www.bazarok.ua/ru/obyavleniya/datakom-dkg-255-tsyfrovyi-kontroler-upravlinnia-chastotoiu-obertannia-dvyhuna-623680612.html
"DATAKOM DA-0101 Амперметр, 1 фаза, 72x72 мм",https://www.bazarok.ua/ru/obyavleniya/datakom-da-0101-ampermetr-1-faza-72x72-mm-623746620.html
"DATAKOM DKM-401 Мультиметр, 96x96мм",https://www.bazarok.ua/ru/obyavleniya/datakom-dkm-401-multymetr-96x96mm-623681245.html
"4PRO ATS-63A-4P-RSC Пристрій автоматичного введення резервного електропостачання 230V 1-3 фази, 4 пол., 3 поз.",https://www.bazarok.ua/ru/obyavleniya/4pro-ats-63a-4p-rsc-prystrii-avtomatychnoho-vvedennia-rezervnoho-elektropostachannia-230v-1-3-fazy-4-pol-3-poz-623745651.html
DATAKOM AVR-40 Регулятор напруги генератора змінного струму,https://www.bazarok.ua/ru/obyavleniya/datakom-avr-40-rehuliator-napruhy-heneratora-zminnoho-strumu-623423187.html
DATAKOM DKG-151 Контролер ручного управління генератором,https://www.bazarok.ua/ru/obyavleniya/datakom-dkg-151-kontroler-ruchnoho-upravlinnia-heneratorom-623421267.html
DATAKOM D-100-MK2 Багатофункціональний контролер генератора c J1939,https://www.bazarok.ua/ru/obyavleniya/datakom-d-100-mk2-bahatofunktsionalnyi-kontroler-heneratora-c-j1939-623422740.html
DATAKOM DKG-116 MPU Контролер ручного і дистанційного керування генератором,https://www.bazarok.ua/ru/obyavleniya/datakom-dkg-116-mpu-kontroler-ruchnoho-i-dystantsiinoho-keruvannia-heneratorom-623420270.html
DATAKOM AVR-8 Регулятор напруги генератора змінного струму,https://www.bazarok.ua/ru/obyavleniya/datakom-avr-8-rehuliator-napruhy-heneratora-zminnoho-strumu-622731946.html
DATAKOM D-200-MK2 Багатофункціональний контролер генератора з MPU,https://www.bazarok.ua/ru/obyavleniya/datakom-d-200-mk2-bahatofunktsionalnyi-kontroler-heneratora-z-mpu-623423036.html
DATAKOM DKG-253 Контролер управління частотою обертання двигуна,https://www.bazarok.ua/ru/obyavleniya/datakom-dkg-253-kontroler-upravlinnia-chastotoiu-obertannia-dvyhuna-623680246.html
DATAKOM DKG-152 Remote start generator control panel,https://www.bazarok.ua/ru/obyavleniya/datakom-dkg-152-remote-start-generator-control-panel-623422377.html
DATAKOM DSD-060 Детектор землетрусів з датчиком сейсмічої активності,https://www.bazarok.ua/ru/obyavleniya/datakom-dsd-060-detektor-zemletrusiv-z-datchykom-seismichoi-aktyvnosti-623750832.html
"DATAKOM DKM-411 Аналізатор електричної мережі, 96x96mm, 3.5 кольоровий TFT дисплей, Ethernet, USB/Host, USB/Device, RS485, RS232, 2-дискретних входу, 2-дискретних виходів з джерелом живлення змінного струму",https://www.bazarok.ua/ru/obyavleniya/datakom-dkm-411-analizator-elektrychnoi-merezhi-96x96mm-3-5-kolorovyi-tft-dysplei-ethernet-usb-host-usb-device-rs485-rs232-2-dyskretnykh-vkhodu-2-dyskretnykh-vykhodiv-z-dzherelom-zhyvlennia-zminnoho-strumu-623747736.html
"DATAKOM DVF-0101 Вольтметр-частотомір, 1 фаза, 72x72mm",https://www.bazarok.ua/ru/obyavleniya/datakom-dvf-0101-voltmetr-chastotomir-1-faza-72x72mm-623748999.html
"DATAKOM DKM-250 DC Аналізатор мережі постійного струму 96x96mm, RS-485",https://www.bazarok.ua/ru/obyavleniya/datakom-dkm-250-dc-analizator-merezhi-postiinoho-strumu-96x96mm-rs-485-623747477.html
"DATAKOM DV-0101 Вольтметр, 1 фаза, 72x72mm",https://www.bazarok.ua/ru/obyavleniya/datakom-dv-0101-voltmetr-1-faza-72x72mm-623748779.html
"продаж 1-к квартира Київ, Дарницький, 60000 $",https://www.bazarok.ua/ru/obyavleniya/prodazh-1-k-kvartyra-kyiv-darnytskyi-60000-$-709570947.html
DATAKOM D-500-MK2 Багатофункціональний контролер генератора/двигуна/АВР,https://www.bazarok.ua/ru/obyavleniya/datakom-d-500-mk2-bahatofunktsionalnyi-kontroler-heneratora-dvyhuna-avr-623422865.html
"DATAKOM DVF-0103 Вольтметр-частотомір, 3 фази, 72x72мм",https://www.bazarok.ua/ru/obyavleniya/datakom-dvf-0103-voltmetr-chastotomir-3-fazy-72x72mm-623749306.html
"DATAKOM DPR-03 Контролер захисту по напрузі, 260-520В (Фаза-Фаза)",https://www.bazarok.ua/ru/obyavleniya/datakom-dpr-03-kontroler-zakhystu-po-napruzi-260-520v-faza-faza-623762477.html
Настройка Smart TV в Харькове,https://www.bazarok.ua/ru/obyavleniya/nastroika-smart-tv-v-kharkove-709557267.html
Женский халат с рисунком Pink Genius (16125) (арт. 1596),https://www.bazarok.ua/ru/obyavleniya/zhenskyi-khalat-s-rysunkom-pink-genius-16125-art-1596-709562217.html
Женский домашний халат Felina (12043) (арт. 1224),https://www.bazarok.ua/ru/obyavleniya/zhenskyi-domashnyi-khalat-felina-12043-art-1224-709499820.html
Женский халат из коллекции Black Panters (60065) (арт. 1347),https://www.bazarok.ua/ru/obyavleniya/zhenskyi-khalat-yz-kollektsyy-black-panters-60065-art-1347-708964539.html
Женский велюровый халат из коллекции Lakshmi (50746) (арт. 1472),https://www.bazarok.ua/ru/obyavleniya/zhenskyi-veliurovyi-khalat-yz-kollektsyy-lakshmi-50746-art-1472-694676356.html
Женский халат из вискозной ткани Euphoria (арт. 542),https://www.bazarok.ua/ru/obyavleniya/zhenskyi-khalat-yz-vyskoznoi-tkany-euphoria-art-542-629714430.html
Женская ночная сорочка с рисунком Goldi (арт. 1418),https://www.bazarok.ua/ru/obyavleniya/zhenskaia-nochnaia-sorochka-s-rysunkom-goldi-art-1418-709562203.html
Женская ночная сорочка с коротким рукавом Merlin (60768) (арт. 1364),https://www.bazarok.ua/ru/obyavleniya/zhenskaia-nochnaia-sorochka-s-korotkym-rukavom-merlin-60768-art-1364-709562200.html
Женская сорочка на широкой бретели Merlin (60768) (арт. 1362),https://www.bazarok.ua/ru/obyavleniya/zhenskaia-sorochka-na-shyrokoi-bretely-merlin-60768-art-1362-709562198.html
Женская ночная сорочка с кружевом La Nuit (арт. 1616),https://www.bazarok.ua/ru/obyavleniya/zhenskaia-nochnaia-sorochka-s-kruzhevom-la-nuit-art-1616-709545113.html
Ночная сорочка на тонкой бретели Margaret (60024) (арт. 1348),https://www.bazarok.ua/ru/obyavleniya/nochnaia-sorochka-na-tonkoi-bretely-margaret-60024-art-1348-709541636.html
Женская ночная сорочка на тонкой бретели Lana (16106) (арт. 1571),https://www.bazarok.ua/ru/obyavleniya/zhenskaia-nochnaia-sorochka-na-tonkoi-bretely-lana-16106-art-1571-709537891.html
Домашняя ночная женская сорочка для отдыха Felina (12043) (арт. 1398),https://www.bazarok.ua/ru/obyavleniya/domashniaia-nochnaia-zhenskaia-sorochka-dlia-otdykha-felina-12043-art-1398-709499819.html
Женская ночная сорочка для сна Felina (12043) (арт. 1335),https://www.bazarok.ua/ru/obyavleniya/zhenskaia-nochnaia-sorochka-dlia-sna-felina-12043-art-1335-709499817.html
Женская ночная сорочка в горох из коллекции Cassandra (16505) (арт. 1574),https://www.bazarok.ua/ru/obyavleniya/zhenskaia-nochnaia-sorochka-v-horokh-yz-kollektsyy-cassandra-16505-art-1574-708963186.html
Женская ночная сорочка с белым кружевом Cassandra (16505) (арт. 1577),https://www.bazarok.ua/ru/obyavleniya/zhenskaia-nochnaia-sorochka-s-belym-kruzhevom-cassandra-16505-art-1577-708964116.html
Женская cорочка для сна Wild (16045) (арт. 1405),https://www.bazarok.ua/ru/obyavleniya/zhenskaia-corochka-dlia-sna-wild-16045-art-1405-707987085.html
Ночная сорочка на тонких бретелях Cassandra (16505) (арт. 1571),https://www.bazarok.ua/ru/obyavleniya/nochnaia-sorochka-na-tonkykh-breteliakh-cassandra-16505-art-1571-708959473.html
Женская ночная сорочка для отдыха Cassandra (16504) (арт. 1571),https://www.bazarok.ua/ru/obyavleniya/zhenskaia-nochnaia-sorochka-dlia-otdykha-cassandra-16504-art-1571-708959090.html
Ночная женская сорочка на широкой бретели Cassandra (16504) (арт. 1445),https://www.bazarok.ua/ru/obyavleniya/nochnaia-zhenskaia-sorochka-na-shyrokoi-bretely-cassandra-16504-art-1445-708958643.html
Женская ночная сорочка с коротким рукавом Cassandra (16507) (арт. 1230),https://www.bazarok.ua/ru/obyavleniya/zhenskaia-nochnaia-sorochka-s-korotkym-rukavom-cassandra-16507-art-1230-708958302.html
Женская ночная сорочка на тонкой бретели Melani (16064) (арт. 1556),https://www.bazarok.ua/ru/obyavleniya/zhenskaia-nochnaia-sorochka-na-tonkoi-bretely-melani-16064-art-1556-706104493.html
Женская ночная сорочка на тонкой бретели Mia (16018) (арт. 1556),https://www.bazarok.ua/ru/obyavleniya/zhenskaia-nochnaia-sorochka-na-tonkoi-bretely-mia-16018-art-1556-706012072.html
Женская ночнушка на тонкой бретели Margaret (60025) (арт. 1435),https://www.bazarok.ua/ru/obyavleniya/zhenskaia-nochnushka-na-tonkoi-bretely-margaret-60025-art-1435-706011716.html
Женская ночная сорочка на тонкой бретели (16055) (арт. 1556),https://www.bazarok.ua/ru/obyavleniya/zhenskaia-nochnaia-sorochka-na-tonkoi-bretely-16055-art-1556-706011422.html
Ночнушка на тонкой бретели с цветочным принтом Janetta (16051) (арт. 1556),https://www.bazarok.ua/ru/obyavleniya/nochnushka-na-tonkoi-bretely-s-tsvetochnym-pryntom-janetta-16051-art-1556-706011154.html
Женская ночнушка на тонкой бретели с рисунком Janetta (16051) (арт. 1175),https://www.bazarok.ua/ru/obyavleniya/zhenskaia-nochnushka-na-tonkoi-bretely-s-rysunkom-janetta-16051-art-1175-706010240.html
Женская ночная сорочка с коротким рукавом Janetta (16051) (арт. 1174),https://www.bazarok.ua/ru/obyavleniya/zhenskaia-nochnaia-sorochka-s-korotkym-rukavom-janetta-16051-art-1174-706009976.html
Женская ночная сорочка с рисунком Janetta (16055) (арт. 1396),https://www.bazarok.ua/ru/obyavleniya/zhenskaia-nochnaia-sorochka-s-rysunkom-janetta-16055-art-1396-706009580.html
Женская ночная сорочка Mont Blank (30011) (арт. 1419),https://www.bazarok.ua/ru/obyavleniya/zhenskaia-nochnaia-sorochka-mont-blank-30011-art-1419-699266669.html
Ночная сорочка с коротким рукавом из коллекции Latte (60491) (арт. 1335),https://www.bazarok.ua/ru/obyavleniya/nochnaia-sorochka-s-korotkym-rukavom-yz-kollektsyy-latte-60491-art-1335-694676164.html
Домашнее женское платье с цветочным принтом Paradise (арт. 712),https://www.bazarok.ua/ru/obyavleniya/domashnee-zhenskoe-plate-s-tsvetochnym-pryntom-paradise-art-712-628681193.html
Домашний сарафан Felicity (арт. 594),https://www.bazarok.ua/ru/obyavleniya/domashnyi-sarafan-felicity-art-594-629136996.html
Женское платье для дома и прогулок Enigma (арт. 668),https://www.bazarok.ua/ru/obyavleniya/zhenskoe-plate-dlia-doma-y-prohulok-enigma-art-668-628680903.html
Ночная сорочка с коротким рукавом Little Heart (арт. 1403),https://www.bazarok.ua/ru/obyavleniya/nochnaia-sorochka-s-korotkym-rukavom-little-heart-art-1403-690887326.html
Ночная сорочка с короткими рукавами Aurelia (16105) (арт. 1370),https://www.bazarok.ua/ru/obyavleniya/nochnaia-sorochka-s-korotkymy-rukavamy-aurelia-16105-art-1370-690887249.html
Ночная сорочка с коротким рукавом из коллекции Aurelia (16105) (арт. 1369),https://www.bazarok.ua/ru/obyavleniya/nochnaia-sorochka-s-korotkym-rukavom-yz-kollektsyy-aurelia-16105-art-1369-690887116.html
"довгострокова оренда 3-к квартира Київ, Печерський, 42000 грн./міс.",https://www.bazarok.ua/ru/obyavleniya/dovhostrokova-orenda-3-k-kvartyra-kyiv-pecherskyi-42000-hrn-mis-709572038.html
"довгострокова оренда кафе, бар, ресторан Київ, Шевченківський, 213600 грн./міс.",https://www.bazarok.ua/ru/obyavleniya/dovhostrokova-orenda-kafe-bar-restoran-kyiv-shevchenkivskyi-213600-hrn-mis-709572040.html
"довгострокова оренда 4-к квартира Київ, Шевченківський, 1100 $/міс.",https://www.bazarok.ua/ru/obyavleniya/dovhostrokova-orenda-4-k-kvartyra-kyiv-shevchenkivskyi-1100-$-mis-709572037.html
"продаж приміщення вільного призначення, будівлі Київ, Дніпровський, 72916497 грн.",https://www.bazarok.ua/ru/obyavleniya/prodazh-prymishchennia-vilnoho-pryznachennia-budivli-kyiv-dniprovskyi-72916497-hrn-709572772.html
"продаж 3-к квартира Луцьк, 58000 $",https://www.bazarok.ua/ru/obyavleniya/prodazh-3-k-kvartyra-lutsk-58000-$-709572771.html
"продаж приміщення вільного призначення, будівлі Київ, Деснянський, 36054300 грн.",https://www.bazarok.ua/ru/obyavleniya/prodazh-prymishchennia-vilnoho-pryznachennia-budivli-kyiv-desnianskyi-36054300-hrn-2-709572770.html
"продаж 4-к будинок Бориспільський, Гора, 350000 $",https://www.bazarok.ua/ru/obyavleniya/prodazh-4-k-budynok-boryspilskyi-hora-350000-$-709571184.html
"продаж 1-к квартира Київ, Дарницький, 106000 $",https://www.bazarok.ua/ru/obyavleniya/prodazh-1-k-kvartyra-kyiv-darnytskyi-106000-$-709571185.html
"довгострокова оренда 4-к будинок Бориспільський, Гора, 65000 грн./міс.",https://www.bazarok.ua/ru/obyavleniya/dovhostrokova-orenda-4-k-budynok-boryspilskyi-hora-65000-hrn-mis-709571835.html
"продаж ділянка сільськогосподарського призначення Бориспільський, Чубинське, 19900 $",https://www.bazarok.ua/ru/obyavleniya/prodazh-dilianka-silskohospodarskoho-pryznachennia-boryspilskyi-chubynske-19900-$-709571027.html
"продаж 5-к таунхаус Бориспільський, Щасливе, 135500 $",https://www.bazarok.ua/ru/obyavleniya/prodazh-5-k-taunkhaus-boryspilskyi-shchaslyve-135500-$-709571032.html
"довгострокова оренда кімната Київ, Деснянський, 5510 грн./міс.",https://www.bazarok.ua/ru/obyavleniya/dovhostrokova-orenda-kimnata-kyiv-desnianskyi-5510-hrn-mis-2-709572736.html
Сдается 2-х комнатная квартира в центре Герцлии,https://www.bazarok.ua/ru/obyavleniya/sdaetsia-2-kh-komnatnaia-kvartyra-v-tsentre-hertslyy-709572734.html
"продаж 1-к квартира Київ, Голосіївський, 99000 $",https://www.bazarok.ua/ru/obyavleniya/prodazh-1-k-kvartyra-kyiv-holosiivskyi-99000-$-10-709572733.html
Игрушка панда новая,https://www.bazarok.ua/ru/obyavleniya/igrushka-panda-novaia-709572732.html
Хомяк джунгарський,https://www.bazarok.ua/ru/obyavleniya/khomiak-dzhunharskyi-709572731.html
Телемайстер на дім,https://www.bazarok.ua/ru/obyavleniya/telemaister-na-dim-680009975.html
Пиявки медицинские для Вас: доставка по Харькову и всей Украине,https://www.bazarok.ua/ru/obyavleniya/pyiavky-medytsynskye-dlia-vas-dostavka-po-kharkovu-y-vsei-ukrayne-709533133.html
"продаж 1-к квартира Фастівський, Чабани, 59000 $",https://www.bazarok.ua/ru/obyavleniya/prodazh-1-k-kvartyra-fastivskyi-chabany-59000-$-709572729.html
продам недостроенный дом,https://www.bazarok.ua/ru/obyavleniya/prodam-nedostroennyi-dom-684748939.html
САО( алабай).Дівчата вік 2.5місяці. щеплення і ветеринарний паспорт мають.,https://www.bazarok.ua/ru/obyavleniya/sao-alabai-divchata-vik-2-5misiatsi-shcheplennia-i-veterynarnyi-pasport-maiut-709572705.html
KIA SORENTO 3 Деталь,https://www.bazarok.ua/ru/obyavleniya/kia-sorento-3-detal-709572727.html
Продам лодочный мотор Yamaha  - 60.,https://www.bazarok.ua/ru/obyavleniya/prodam-lodochnyi-motor-yamaha-60-709568629.html
Ремонт гидроциклов Киев.,https://www.bazarok.ua/ru/obyavleniya/remont-hydrotsyklov-kyev-709556658.html
Продам лодочный мотор Yamaha - 25. Новый,https://www.bazarok.ua/ru/obyavleniya/prodam-lodochnyi-motor-yamaha-25-novyi-709563232.html
Продам Suzuki Lets 4G,https://www.bazarok.ua/ru/obyavleniya/prodam-suzuki-lets-4g-709534469.html
Ремонт гребных винтов лодочных моторов.,https://www.bazarok.ua/ru/obyavleniya/remont-hrebnykh-vyntov-lodochnykh-motorov-709507212.html
Разборка лодочных моторов.,https://www.bazarok.ua/ru/obyavleniya/razborka-lodochnykh-motorov-709501746.html
Ремонт винтов лодочных моторов,https://www.bazarok.ua/ru/obyavleniya/remont-vyntov-lodochnykh-motorov-709505751.html
Куплю лодочный мотор на разборку.,https://www.bazarok.ua/ru/obyavleniya/kupliu-lodochnyi-motor-na-razborku-709502817.html
Лодочные моторы б/у.,https://www.bazarok.ua/ru/obyavleniya/lodochnye-motory-b-u-709506872.html
Регистрация плавсредств.,https://www.bazarok.ua/ru/obyavleniya/rehystratsyia-plavsredstv-709506873.html
Ремонт трима лодочных моторов..,https://www.bazarok.ua/ru/obyavleniya/remont-tryma-lodochnykh-motorov-709507238.html
Редуктор для лодочного мотора,https://www.bazarok.ua/ru/obyavleniya/reduktor-dlia-lodochnoho-motora-709507247.html
Продам лодочный мотор б/у. Suzuki - 60.,https://www.bazarok.ua/ru/obyavleniya/prodam-lodochnyi-motor-b-u-suzuki-60-709507249.html
Продам колпак для лодочного мотора,https://www.bazarok.ua/ru/obyavleniya/prodam-kolpak-dlia-lodochnoho-motora-709507910.html
Продам лодочный мотор б/у. Mercury - 15 m.,https://www.bazarok.ua/ru/obyavleniya/prodam-lodochnyi-motor-b-u-mercury-15-m-709507913.html
Продам лодочный мотор Mercury - 60.,https://www.bazarok.ua/ru/obyavleniya/prodam-lodochnyi-motor-mercury-60-709561240.html
Бровары Дуплекс.260м2.возле аквапарка ,https://www.bazarok.ua/ru/obyavleniya/brovary-dupleks-260m2-vozle-akvaparka-709507329.html
Утеплення фасадів,https://www.bazarok.ua/ru/obyavleniya/uteplennia-fasadiv-705641737.html
Балкони з розширенням під ключ,https://www.bazarok.ua/ru/obyavleniya/balkony-z-rozshyrenniam-pid-kliuch-704976300.html
Балкони під ключ,https://www.bazarok.ua/ru/obyavleniya/balkony-pid-kliuch-709491171.html
ГА-113 Гідрозамок,https://www.bazarok.ua/ru/obyavleniya/ha-113-hidrozamok-709572725.html
Новий дровокол Zipper ZI-HS5TN для заготівлі дров із швидкою доставкою,https://www.bazarok.ua/ru/obyavleniya/novyi-drovokol-zipper-zi-hs5tn-dlia-zahotivli-drov-iz-shvydkoiu-dostavkoiu-709572724.html
Продам детскую игрушку,https://www.bazarok.ua/ru/obyavleniya/prodam-detskuiu-igrushku-709572723.html
Продам мягкую  игрушку,https://www.bazarok.ua/ru/obyavleniya/prodam-miagkuiu-igrushku-709572722.html
Сдам в аренду комнату,https://www.bazarok.ua/ru/obyavleniya/sdam-v-arendu-komnatu-704546640.html
Продам стенку Рельеф,https://www.bazarok.ua/ru/obyavleniya/prodam-stenku-relef-709572721.html
Ноутбук Lenovo (ігровий),https://www.bazarok.ua/ru/obyavleniya/noutbuk-lenovo-igrovii-709572720.html
Продам телевизор Филипс,https://www.bazarok.ua/ru/obyavleniya/prodam-televizor-filips-2-709572719.html
"Продам 4-х кімнатну квартиру, Хортицький р-н,15-й м-н",https://www.bazarok.ua/ru/obyavleniya/prodam-4-kh-kimnatnu-kvartyru-khortytskyi-r-n-15-i-m-n-709546450.html
"довгострокова оренда 4-к будинок Вишгородський, Нові Петрівці, 14000 грн./міс.",https://www.bazarok.ua/ru/obyavleniya/dovhostrokova-orenda-4-k-budynok-vyshhorodskyi-novi-petrivtsi-14000-hrn-mis-709571838.html
"продаж 2-к квартира Київ, Шевченківський, 41500 $",https://www.bazarok.ua/ru/obyavleniya/prodazh-2-k-kvartyra-kyiv-shevchenkivskyi-41500-$-709571733.html
Квадратна вологостійка стільниця для столу Верзаліт (Werzalit) 70х70 см.,https://www.bazarok.ua/ru/obyavleniya/kvadratna-volohostiika-stilnytsia-dlia-stolu-verzalit-werzalit-70kh70-sm-680767078.html
Продавец требуется,https://www.bazarok.ua/ru/obyavleniya/prodavets-trebuetsia-709572717.html
Требуется продавец,https://www.bazarok.ua/ru/obyavleniya/trebuetsia-prodavets-15-709572716.html
Дитяча коляска 3в1,https://www.bazarok.ua/ru/obyavleniya/dytiacha-koliaska-3v1-709572715.html
Опора для столу Мілан Софт 400. Н 725 мм.,https://www.bazarok.ua/ru/obyavleniya/opora-dlia-stolu-milan-soft-400-n-725-mm-679481676.html
